Date,Campaign,Ad_Group,Channel,Impressions,Clicks,Cost,Conversions,Revenue,Bounce_Rate,Avg_Session_Duration,Quality_Score
2024-01-01,Retargeting,Email Campaign,LinkedIn,37081,5264,652.39,500,34678.141985512455,54.3,353,7
2024-01-02,Summer Sale,Mobile Ads,Google Ads,61058,7602,4512.84,149,65787.20069797742,71.5,532,6
2024-01-02,Holiday Special,Shopping Ads,Twitter,49515,4569,1434.74,1126,400041.8072838732,23.43,486,1
2024-01-02,Retargeting,Search Ads,Google Ads,82768,3749,2206.44,527,182995.26232076267,27.54,103,6
2024-01-05,Black Friday,Desktop Ads,YouTube,76969,2964,1168.86,309,100916.08397289591,64.86,116,6
2024-01-05,Holiday Special,Shopping Ads,Instagram,96074,5539,2146.56,812,350904.6754712259,26.17,586,7
2024-01-08,Holiday Special,Email Campaign,Facebook,67155,5152,1960.4,1274,339037.0284841042,24.96,436,7
2024-01-09,Brand Awareness,Mobile Ads,Twitter,21963,1129,3278.76,52,22967.613388264228,20.54,183,4
2024-01-09,Holiday Special,Social Media,Instagram,94762,7779,2786.17,2012,426041.52670539933,51.47,547,7
2024-01-10,Summer Sale,Shopping Ads,Google Ads,25532,846,4634.72,228,106480.1899451907,66.77,161,9
2024-01-12,Holiday Special,Social Media,Instagram,72368,10629,4532.42,3024,1101932.4184945517,78.14,562,4
2024-01-12,Summer Sale,Video Ads,Instagram,90080,2261,2110.5,283,46901.50827271081,65.45,71,6
2024-01-14,Black Friday,Display Ads,Instagram,35228,4948,483.37,361,109685.59552831716,38.99,86,4
2024-01-15,Holiday Special,Email Campaign,Google Ads,7796,1075,1130.39,127,36812.69658905381,24.53,261,3
2024-01-15,Product Launch,Display Ads,Google Ads,99646,8325,579.93,886,99280.26022388415,63.09,450,5
2024-01-16,Retargeting,Display Ads,Instagram,20008,2230,4583.15,136,42984.06583193758,71.71,70,1
2024-01-17,Spring Collection,Desktop Ads,LinkedIn,39975,2840,653.94,528,101193.06419514921,40.35,456,1
2024-01-18,Retargeting,Desktop Ads,Google Ads,73805,7248,4265.39,1074,79000.15899908086,65.86,119,5
2024-01-19,Spring Collection,Search Ads,Twitter,19199,1107,4643.86,288,137345.8380387708,20.57,565,3
2024-01-20,Retargeting,Desktop Ads,Instagram,28103,1465,4070.68,28,9482.778650210026,36.46,498,5
2024-01-21,Black Friday,Email Campaign,LinkedIn,51100,4647,1198.68,914,406376.7566784794,39.66,335,9
2024-01-21,Black Friday,Social Media,Facebook,80222,6396,4289.64,1479,523899.0741365706,20.81,174,10
2024-01-22,Spring Collection,Mobile Ads,Instagram,47738,4350,1172.37,1001,210853.30412451387,52.47,286,5
2024-01-22,Brand Awareness,Social Media,Twitter,31654,1586,1015.29,423,118740.17456778926,65.14,371,5
2024-01-23,Back to School,Email Campaign,LinkedIn,90081,5528,2673.35,1224,433401.3155992251,75.62,496,6
2024-01-25,Black Friday,Video Ads,Google Ads,12950,281,2959.1,78,37604.85661457046,48.06,120,7
2024-01-27,Back to School,Desktop Ads,LinkedIn,40420,700,718.65,74,12147.192988752495,44.92,36,9
2024-01-28,Back to School,Video Ads,Instagram,60518,2752,4644.1,429,190364.3211673859,63.58,256,4
2024-01-28,Back to School,Social Media,YouTube,9770,199,4371.45,2,931.6700247648424,75.12,572,2
2024-01-29,Holiday Special,Display Ads,Google Ads,3204,78,3518.59,1,0.0,59.25,445,8
2024-02-02,Product Launch,Video Ads,Google Ads,63443,7854,689.41,625,293168.7389566262,54.28,346,7
2024-02-02,Summer Sale,Email Campaign,Instagram,63824,985,459.53,38,8703.723845863,59.62,420,6
2024-02-04,Summer Sale,Social Media,Twitter,93493,9559,1784.55,816,390747.5398420506,72.29,117,3
2024-02-04,Back to School,Social Media,YouTube,18508,891,387.14,54,19777.62391513319,44.86,272,2
2024-02-05,Back to School,Video Ads,Google Ads,71448,9432,3821.32,172,11851.246398216043,56.04,417,9
2024-02-05,Brand Awareness,Display Ads,Instagram,91102,7096,4499.0,1942,889616.1677266702,53.14,166,3
2024-02-06,Brand Awareness,Shopping Ads,LinkedIn,20799,1097,2447.74,13,3484.165932844176,32.05,542,3
2024-02-06,Brand Awareness,Email Campaign,Twitter,27086,2233,4217.98,498,128059.27728871236,73.21,160,7
2024-02-06,Spring Collection,Social Media,LinkedIn,17923,1137,3900.17,61,18599.50833414096,20.93,134,7
2024-02-07,Holiday Special,Search Ads,Facebook,56778,5053,3967.74,1387,162588.3648672619,51.77,494,5
2024-02-08,Retargeting,Video Ads,YouTube,89330,2325,4544.67,625,163202.9511595809,24.19,258,6
2024-02-08,Retargeting,Desktop Ads,Instagram,83035,12420,1625.4,2479,1051113.9666094813,56.64,48,9
2024-02-08,Holiday Special,Email Campaign,Twitter,52374,3644,3452.11,746,42497.4615324639,37.02,90,10
2024-02-10,Summer Sale,Social Media,Twitter,9711,570,1866.46,6,1036.8763328758025,66.9,287,10
2024-02-10,Holiday Special,Shopping Ads,YouTube,31795,3479,573.97,1028,52535.49168892233,46.62,232,1
2024-02-10,Black Friday,Shopping Ads,Instagram,60871,3709,1510.61,981,232565.75742420054,60.65,457,9
2024-02-11,Back to School,Shopping Ads,Google Ads,94574,11978,2474.86,3229,1219728.852522921,47.0,124,1
2024-02-12,Back to School,Email Campaign,Facebook,99826,7346,679.13,1477,604753.6962210378,37.57,576,7
2024-02-15,Back to School,Display Ads,Google Ads,4630,512,2991.0,56,26618.781980400567,20.75,444,8
2024-02-16,Holiday Special,Mobile Ads,YouTube,57071,1429,1349.23,384,124349.5971213519,26.7,349,10
2024-02-16,Holiday Special,Email Campaign,YouTube,9605,1233,4170.47,116,19091.522439281147,43.26,130,4
2024-02-16,Black Friday,Video Ads,LinkedIn,94935,10727,4048.2,1857,865114.2336960825,47.37,360,7
2024-02-17,Brand Awareness,Display Ads,Facebook,43752,1734,1306.99,67,26725.76997949334,51.36,155,2
2024-02-18,Summer Sale,Video Ads,Instagram,93021,2822,3269.6,782,241241.38316880658,34.67,76,4
2024-02-20,Back to School,Email Campaign,Facebook,87072,4726,2408.48,240,87129.14329764509,54.79,505,2
2024-02-22,Summer Sale,Search Ads,Google Ads,12390,1816,2485.67,136,63368.160926454664,68.01,528,10
2024-02-22,Retargeting,Video Ads,YouTube,3282,150,2230.84,25,9264.432820320368,53.54,135,6
2024-02-22,Brand Awareness,Email Campaign,YouTube,8368,618,3931.82,143,30854.899563077634,68.05,176,4
2024-02-23,Back to School,Video Ads,Instagram,43727,621,507.88,117,43390.93485052094,23.28,598,10
2024-02-23,Retargeting,Display Ads,LinkedIn,27417,1798,671.55,139,9469.399079098512,46.29,535,5
2024-02-27,Brand Awareness,Mobile Ads,YouTube,72312,6506,419.46,66,14776.542186368262,44.08,289,4
2024-02-27,Holiday Special,Mobile Ads,Instagram,33430,4795,203.11,1100,256129.90076356175,20.3,348,7
2024-02-27,Spring Collection,Social Media,YouTube,85565,7045,2968.78,2083,260535.81903436937,63.86,582,8
2024-02-27,Black Friday,Search Ads,LinkedIn,71263,8884,1549.94,2175,131344.91409004506,33.57,204,8
2024-02-28,Retargeting,Display Ads,Twitter,24383,2111,1428.43,302,33226.510059069245,28.5,446,1
2024-03-02,Brand Awareness,Video Ads,Instagram,56860,893,3795.95,242,83388.2808922993,71.53,284,4
2024-03-03,Brand Awareness,Email Campaign,Twitter,15567,842,3426.66,108,44391.23647527522,50.5,101,4
2024-03-05,Back to School,Social Media,YouTube,93491,8468,3662.07,1373,679211.5279813609,76.87,195,10
2024-03-09,Product Launch,Social Media,Google Ads,21307,3048,302.33,452,93050.33653226774,46.85,156,4
2024-03-09,Brand Awareness,Email Campaign,LinkedIn,72126,9396,943.57,1313,419793.2134729719,49.0,115,1
2024-03-10,Brand Awareness,Video Ads,Twitter,50429,2116,2091.4,496,233970.75659313521,67.26,111,2
2024-03-12,Holiday Special,Display Ads,Instagram,10528,429,314.9,69,8636.647310549639,73.51,545,9
2024-03-14,Holiday Special,Video Ads,LinkedIn,51124,1951,2325.24,198,73842.22174313838,35.47,278,9
2024-03-15,Retargeting,Social Media,Facebook,25972,3613,2737.84,306,119260.57155463977,22.42,510,5
2024-03-16,Brand Awareness,Email Campaign,Twitter,25472,3295,3841.56,69,6212.690388742957,79.81,240,8
2024-03-16,Summer Sale,Desktop Ads,YouTube,13145,1557,50.92,278,121642.29808640144,20.29,346,6
2024-03-20,Product Launch,Email Campaign,LinkedIn,68293,4437,122.31,340,141405.0722079591,57.45,589,9
2024-03-21,Spring Collection,Search Ads,Instagram,72363,5833,1731.86,308,20029.656711632415,78.74,233,10
2024-03-21,Product Launch,Video Ads,Twitter,47619,3571,1285.04,712,64783.4465275685,64.13,318,3
2024-03-26,Spring Collection,Display Ads,Google Ads,50334,2288,429.01,474,34178.766467132096,61.47,262,5
2024-03-26,Back to School,Display Ads,YouTube,15743,1270,2304.15,289,57983.39631050706,59.56,143,6
2024-03-28,Spring Collection,Search Ads,Twitter,99696,1422,4726.1,221,61698.790123118655,72.97,562,1
2024-03-30,Retargeting,Desktop Ads,LinkedIn,35064,997,801.84,268,77601.13599132824,46.32,353,6
2024-03-30,Retargeting,Desktop Ads,LinkedIn,81742,10963,2357.28,3086,526008.829291825,54.62,332,1
2024-03-31,Black Friday,Mobile Ads,LinkedIn,47473,5470,3485.39,1335,614391.8296010847,67.06,528,1
2024-04-01,Summer Sale,Display Ads,Facebook,60711,4201,3203.62,816,176026.09644096653,62.47,446,3
2024-04-01,Spring Collection,Search Ads,Instagram,52151,4297,4885.13,421,29679.47704763603,61.3,479,10
2024-04-03,Black Friday,Mobile Ads,Google Ads,72121,4457,2650.03,1315,243409.3932546154,26.92,430,8
2024-04-05,Summer Sale,Mobile Ads,LinkedIn,68904,7835,1570.83,701,202588.46734155386,62.91,184,7
2024-04-05,Back to School,Search Ads,YouTube,4828,578,306.34,39,9114.292986423472,28.64,215,7
2024-04-05,Retargeting,Display Ads,Google Ads,24554,2869,4973.18,396,68598.73690348798,40.77,493,4
2024-04-08,Brand Awareness,Email Campaign,Google Ads,19135,2127,86.3,56,6109.345894060799,43.52,156,9
2024-04-08,Brand Awareness,Email Campaign,YouTube,29308,1132,187.83,332,138983.17631437673,34.62,290,4
2024-04-08,Back to School,Search Ads,LinkedIn,90859,5207,1082.51,940,468369.43741853314,66.77,472,2
2024-04-08,Black Friday,Search Ads,LinkedIn,94905,7191,2946.14,1233,244496.45278572597,32.31,503,4
2024-04-08,Spring Collection,Shopping Ads,Twitter,67093,3778,4037.35,756,167627.47922888066,52.98,388,9
2024-04-08,Brand Awareness,Search Ads,YouTube,20611,2384,3106.77,367,120418.89720039946,69.77,226,7
2024-04-08,Spring Collection,Video Ads,Google Ads,19800,1110,2750.63,21,7839.271936250865,63.46,374,5
2024-04-09,Retargeting,Search Ads,LinkedIn,27917,819,4399.91,153,34641.23347122726,51.87,520,6
2024-04-09,Holiday Special,Desktop Ads,Twitter,30516,2009,4626.39,437,199804.38951447397,51.18,294,2
2024-04-12,Summer Sale,Search Ads,Facebook,16038,2360,2777.7,308,93016.55290712809,34.05,467,3
2024-04-12,Retargeting,Display Ads,Instagram,99745,4151,2633.67,953,240799.7842666835,30.15,120,4
2024-04-13,Back to School,Email Campaign,YouTube,52971,5069,680.48,384,130945.0517460316,56.11,56,1
2024-04-13,Brand Awareness,Social Media,YouTube,32778,2314,1593.96,171,81868.25612277388,60.66,466,9
2024-04-15,Brand Awareness,Shopping Ads,Instagram,64095,1278,754.16,72,29343.494339263256,74.02,248,5
2024-04-15,Product Launch,Desktop Ads,Instagram,88329,6916,2025.88,815,55424.81562375685,55.48,331,10
2024-04-16,Summer Sale,Mobile Ads,LinkedIn,72906,7895,3021.39,2018,402670.6299429573,53.41,94,2
2024-04-18,Spring Collection,Shopping Ads,Facebook,31116,2546,4810.0,636,166469.8888330399,46.19,467,6
2024-04-21,Spring Collection,Mobile Ads,Twitter,67321,8892,4381.83,1076,206089.40846364878,25.43,579,8
2024-04-22,Black Friday,Shopping Ads,Google Ads,20086,1013,1608.39,183,66810.44563438809,21.83,338,4
2024-04-22,Spring Collection,Social Media,Google Ads,79033,1744,582.69,382,161135.6668613777,77.59,595,8
2024-04-22,Black Friday,Shopping Ads,LinkedIn,20539,2898,1408.2,231,87573.32264450898,41.57,557,1
2024-04-24,Spring Collection,Search Ads,LinkedIn,6355,400,120.94,23,11389.599518672649,27.95,30,9
2024-04-25,Summer Sale,Desktop Ads,Instagram,14893,1350,2980.48,394,68022.69797143406,20.25,526,9
2024-04-26,Black Friday,Search Ads,LinkedIn,65805,7954,2208.18,1504,667392.8902325284,50.51,348,7
2024-04-26,Summer Sale,Video Ads,Twitter,82253,4557,1719.65,1342,530063.4274988722,56.15,483,3
2024-04-27,Brand Awareness,Shopping Ads,YouTube,23173,2555,2774.84,275,58569.62124782058,38.38,431,3
2024-04-29,Summer Sale,Email Campaign,Twitter,75085,2174,4886.31,464,176485.20471557506,39.86,562,2
2024-04-29,Back to School,Mobile Ads,Facebook,19693,1000,897.91,74,7165.729348727624,69.07,354,7
2024-05-01,Black Friday,Display Ads,YouTube,26372,798,1901.04,68,27553.604559620904,74.91,402,8
2024-05-01,Spring Collection,Mobile Ads,Twitter,49781,6151,2793.97,974,282020.5031139271,43.32,103,7
2024-05-02,Holiday Special,Shopping Ads,Facebook,73982,3045,1030.57,312,56637.54024837914,37.68,445,6
2024-05-03,Back to School,Social Media,Instagram,18858,2082,840.14,122,42102.17386795149,40.47,558,3
2024-05-04,Spring Collection,Display Ads,Google Ads,85761,12183,3488.54,1050,355665.44939255825,69.09,499,10
2024-05-05,Product Launch,Desktop Ads,Facebook,56751,4760,1250.76,96,13849.804821486709,48.72,64,6
2024-05-06,Black Friday,Shopping Ads,Facebook,11350,971,3675.32,208,13245.198026358847,64.13,510,3
2024-05-07,Summer Sale,Desktop Ads,Facebook,79518,5927,795.9,905,221842.79851570667,28.57,394,5
2024-05-08,Black Friday,Mobile Ads,LinkedIn,27649,1537,908.05,57,17457.979448684404,58.74,408,5
2024-05-09,Holiday Special,Desktop Ads,LinkedIn,95475,7312,4111.11,437,194234.42799157818,78.23,247,4
2024-05-10,Black Friday,Desktop Ads,Twitter,73127,6902,3682.83,274,128149.1309033484,24.27,165,6
2024-05-10,Summer Sale,Video Ads,Instagram,51290,7592,81.85,1424,410058.3837948559,74.18,99,3
2024-05-10,Summer Sale,Social Media,LinkedIn,73766,10422,2863.9,388,151014.08826598793,57.87,345,2
2024-05-11,Spring Collection,Mobile Ads,Instagram,62215,8131,1686.28,1859,460449.1524659858,61.3,562,2
2024-05-12,Summer Sale,Email Campaign,YouTube,56350,7577,4061.82,120,46288.43645493622,20.8,365,7
2024-05-13,Spring Collection,Social Media,Instagram,45605,3443,2990.54,283,40231.47420100291,39.11,116,8
2024-05-14,Back to School,Mobile Ads,Facebook,12093,1233,2639.56,330,71603.11311832441,46.42,491,8
2024-05-14,Brand Awareness,Video Ads,LinkedIn,71393,9660,3242.06,2109,707364.0822740612,58.78,167,2
2024-05-18,Brand Awareness,Desktop Ads,LinkedIn,81404,5292,4752.0,164,9540.057861802417,79.51,456,6
2024-05-22,Retargeting,Email Campaign,YouTube,55110,7971,3692.79,1977,741587.7047430505,28.08,361,2
2024-05-22,Spring Collection,Email Campaign,YouTube,1276,87,4157.13,13,5537.882682418775,26.39,463,9
2024-05-23,Back to School,Shopping Ads,LinkedIn,37027,3486,1735.7,890,204356.23526812755,69.12,519,4
2024-05-23,Black Friday,Shopping Ads,Facebook,93389,10214,2477.52,1881,473210.85901961074,67.72,492,4
2024-05-23,Back to School,Search Ads,Facebook,45724,6542,4226.59,1358,588118.5598855221,47.61,298,6
2024-05-23,Black Friday,Display Ads,Google Ads,1929,85,495.09,25,9976.114647417875,73.98,126,8
2024-05-24,Back to School,Shopping Ads,Facebook,11211,1283,83.73,99,17787.059736436855,78.4,162,9
2024-05-26,Holiday Special,Mobile Ads,Facebook,86920,7206,97.95,1375,269210.21593495226,72.43,202,9
2024-05-27,Brand Awareness,Email Campaign,Twitter,46734,2224,4296.88,319,113402.97025967014,50.11,33,8
2024-05-28,Black Friday,Email Campaign,Facebook,45254,5372,2915.94,115,34895.50128419234,56.66,493,3
2024-05-29,Back to School,Mobile Ads,LinkedIn,37976,3315,1855.12,47,5781.15542869091,77.47,374,5
2024-05-30,Holiday Special,Search Ads,Google Ads,33245,3408,3254.92,151,28609.73733212186,44.24,423,7
2024-05-30,Product Launch,Email Campaign,Twitter,12738,703,511.32,139,63243.953968759815,53.04,39,7
2024-05-31,Black Friday,Video Ads,YouTube,78362,6063,2068.19,1057,380180.1708269446,64.6,54,10
2024-06-01,Summer Sale,Shopping Ads,Google Ads,26372,2543,572.68,433,213767.09580102345,31.37,298,1
2024-06-02,Spring Collection,Search Ads,Twitter,81909,5462,3089.2,105,41491.34204159136,76.2,150,2
2024-06-03,Retargeting,Video Ads,LinkedIn,22083,834,2239.71,121,57340.507830218485,30.65,106,2
2024-06-05,Summer Sale,Video Ads,Google Ads,90388,13072,1529.34,3635,535380.4597086302,51.55,456,8
2024-06-06,Retargeting,Desktop Ads,YouTube,27421,2237,4984.7,280,111207.09422693265,33.1,183,5
2024-06-08,Summer Sale,Mobile Ads,Google Ads,99746,11246,3484.34,2150,127060.450742994,38.34,233,6
2024-06-08,Holiday Special,Email Campaign,Instagram,91930,6209,2000.97,1466,515800.3863230989,42.96,33,1
2024-06-08,Brand Awareness,Social Media,Facebook,34623,2067,1415.0,490,127976.74232551322,63.27,446,5
2024-06-09,Retargeting,Social Media,Instagram,96071,6437,681.05,1033,212841.4194320439,30.67,288,5
2024-06-09,Brand Awareness,Desktop Ads,Instagram,2932,197,3820.3,50,21904.097926594506,41.54,202,10
2024-06-09,Product Launch,Mobile Ads,Facebook,87516,7542,3826.32,931,404445.4498388725,57.32,527,7
2024-06-10,Black Friday,Shopping Ads,Google Ads,10885,937,2291.43,250,15008.941801097404,44.85,370,3
2024-06-11,Back to School,Display Ads,LinkedIn,70561,5616,1399.62,447,144951.95538070303,21.17,464,7
2024-06-11,Back to School,Video Ads,Facebook,43261,1248,2250.41,113,24354.26860672063,51.27,521,1
2024-06-13,Black Friday,Social Media,Facebook,93769,7450,2965.65,189,44801.968177613206,36.53,177,8
2024-06-15,Spring Collection,Desktop Ads,Google Ads,33793,1137,351.6,273,115866.20481302662,49.51,55,9
2024-06-15,Spring Collection,Shopping Ads,Google Ads,79610,2201,4640.41,288,54555.234389987105,56.07,449,1
2024-06-16,Spring Collection,Shopping Ads,LinkedIn,59272,8331,169.35,636,301700.5696044869,58.48,202,5
2024-06-16,Brand Awareness,Social Media,LinkedIn,48832,4624,3664.36,357,46708.174206684416,79.68,157,5
2024-06-18,Holiday Special,Shopping Ads,YouTube,29151,2982,2880.36,809,281714.09822718514,48.92,532,10
2024-06-19,Product Launch,Desktop Ads,Twitter,51952,3441,741.01,866,305219.3446152641,21.97,129,8
2024-06-20,Black Friday,Shopping Ads,YouTube,2140,293,3521.85,49,8010.903309485596,49.89,239,8
2024-06-21,Black Friday,Email Campaign,LinkedIn,55254,5487,1627.51,1035,203002.59612647432,65.14,531,4
2024-06-21,Retargeting,Shopping Ads,Twitter,32433,3816,3629.2,563,239646.1980951279,71.87,558,1
2024-06-22,Spring Collection,Desktop Ads,YouTube,89839,5533,4970.7,683,268290.8451104046,36.98,270,2
2024-06-24,Back to School,Video Ads,LinkedIn,49456,7141,2519.91,1967,389649.21846060944,51.21,153,9
2024-06-25,Retargeting,Desktop Ads,LinkedIn,37609,4696,501.15,218,63281.13725431702,68.53,452,8
2024-06-26,Summer Sale,Display Ads,LinkedIn,69431,8994,4827.79,1181,91829.99344370759,74.15,336,10
2024-06-28,Spring Collection,Desktop Ads,Google Ads,28990,988,4356.19,108,15545.049884573382,68.73,410,5
2024-06-29,Back to School,Shopping Ads,YouTube,47099,2257,2488.37,348,93479.49951753848,67.2,224,4
2024-06-30,Retargeting,Display Ads,LinkedIn,78240,3911,4564.2,558,49488.00492861003,66.37,143,10
2024-07-02,Product Launch,Social Media,Facebook,75878,3636,1557.24,583,250398.2433058998,49.02,446,4
2024-07-04,Summer Sale,Social Media,Facebook,21447,2782,3172.05,140,52234.39123678181,40.27,582,5
2024-07-05,Spring Collection,Video Ads,LinkedIn,85162,1231,1711.34,195,92553.85459940541,64.85,118,5
2024-07-06,Black Friday,Search Ads,Twitter,10168,210,4287.86,16,5792.961722940996,56.93,92,1
2024-07-07,Summer Sale,Video Ads,YouTube,17566,849,871.96,53,25078.572728453124,48.7,264,7
2024-07-08,Holiday Special,Email Campaign,Facebook,69847,2652,281.59,76,22764.329404631004,41.59,173,6
2024-07-08,Retargeting,Mobile Ads,Google Ads,54330,2306,1713.23,533,170612.43386321337,63.07,357,2
2024-07-08,Brand Awareness,Desktop Ads,Instagram,48562,5910,4051.55,791,387302.8468942176,73.47,50,4
2024-07-08,Holiday Special,Search Ads,Facebook,59283,5266,612.03,1009,342008.73913371743,60.55,269,3
2024-07-08,Summer Sale,Display Ads,Instagram,11503,124,2981.89,27,1724.0568116580712,67.3,203,6
2024-07-09,Product Launch,Search Ads,Facebook,98808,6926,871.21,1433,538394.2205101929,20.66,515,5
2024-07-09,Product Launch,Mobile Ads,LinkedIn,77721,5215,1513.95,763,349042.67544538167,24.63,472,3
2024-07-10,Summer Sale,Mobile Ads,Facebook,36428,945,1292.85,115,46921.277926856405,36.03,317,5
2024-07-10,Back to School,Display Ads,Facebook,84692,8863,1389.57,1054,329612.12120623793,69.25,500,5
2024-07-10,Back to School,Display Ads,Google Ads,3597,389,3555.2,76,26758.580147798257,70.13,255,5
2024-07-12,Product Launch,Mobile Ads,LinkedIn,91306,10128,1549.01,1554,770141.118223694,39.21,50,1
2024-07-13,Summer Sale,Search Ads,Google Ads,1340,150,166.49,38,3450.3217135096857,72.4,502,8
2024-07-14,Retargeting,Search Ads,YouTube,39342,393,4107.07,103,36076.79780715065,63.27,442,5
2024-07-14,Holiday Special,Display Ads,Facebook,53327,7655,2641.64,455,80775.67796332909,23.6,570,3
2024-07-16,Summer Sale,Search Ads,Instagram,91486,11343,2848.83,561,189640.82061817864,55.62,550,4
2024-07-19,Product Launch,Desktop Ads,YouTube,43849,5987,309.34,1154,373238.92295652936,59.36,355,9
2024-07-19,Back to School,Social Media,Facebook,64069,781,2640.87,76,9048.223658099143,46.32,472,9
2024-07-19,Product Launch,Email Campaign,LinkedIn,47571,6695,3513.47,103,14732.707030060083,52.93,109,9
2024-07-20,Black Friday,Social Media,YouTube,60659,7483,1032.53,2003,660455.8201692505,61.87,487,1
2024-07-21,Back to School,Social Media,Instagram,78872,10033,2183.37,760,81854.64197789076,39.04,232,7
2024-07-21,Brand Awareness,Video Ads,Facebook,39405,908,1967.88,253,42840.84263358726,36.56,355,9
2024-07-22,Summer Sale,Search Ads,Google Ads,16649,1888,854.56,411,175028.66405414356,60.83,554,6
2024-07-24,Back to School,Email Campaign,Google Ads,99344,14344,4569.01,3315,653688.7540779444,34.25,117,1
2024-07-25,Summer Sale,Display Ads,LinkedIn,72344,7595,2641.75,519,139936.4494967798,49.45,329,3
2024-07-26,Spring Collection,Mobile Ads,LinkedIn,38226,3435,2759.7,267,126428.01126777272,37.15,474,10
2024-07-31,Product Launch,Email Campaign,YouTube,38853,5532,3043.96,891,135625.4271691736,65.37,124,9
2024-08-02,Black Friday,Search Ads,YouTube,52955,3813,3671.23,228,51375.62938093187,78.38,225,5
2024-08-02,Brand Awareness,Mobile Ads,Instagram,83379,7829,1505.05,771,248960.52522483314,75.06,366,7
2024-08-04,Retargeting,Mobile Ads,YouTube,47403,3635,1284.82,375,146213.4443537953,23.61,404,10
2024-08-04,Summer Sale,Search Ads,Google Ads,34002,4780,2966.61,269,122595.14246157295,74.15,523,10
2024-08-04,Brand Awareness,Search Ads,Instagram,75707,1563,264.41,108,49891.987196072834,32.72,250,3
2024-08-05,Summer Sale,Social Media,LinkedIn,74463,5968,238.53,1424,568870.9596579768,57.73,285,10
2024-08-05,Summer Sale,Display Ads,YouTube,96655,10262,3978.17,600,91649.32588019382,63.81,286,10
2024-08-07,Holiday Special,Video Ads,Twitter,78313,9465,4427.56,172,10520.242145294593,26.93,412,3
2024-08-07,Spring Collection,Social Media,Twitter,57378,5257,1028.31,1012,225370.64788395108,65.35,30,2
2024-08-07,Black Friday,Search Ads,LinkedIn,66344,9105,2890.56,2668,303343.5504959807,51.63,61,2
2024-08-07,Holiday Special,Social Media,LinkedIn,25842,3666,611.53,388,143433.68324272684,46.32,449,4
2024-08-10,Brand Awareness,Search Ads,Facebook,63551,1207,1889.16,53,18417.964495793345,71.96,457,2
2024-08-10,Summer Sale,Video Ads,Instagram,30336,2012,132.55,352,24565.108032838445,75.47,223,6
2024-08-12,Brand Awareness,Mobile Ads,YouTube,72975,969,1655.51,264,112587.34096075699,49.98,529,3
2024-08-12,Brand Awareness,Social Media,Twitter,23432,1314,1632.28,311,50361.620117450955,44.35,362,8
2024-08-12,Summer Sale,Desktop Ads,Facebook,39211,3339,3565.07,636,155503.3890055363,77.78,416,4
2024-08-13,Back to School,Video Ads,Instagram,56568,7778,801.29,788,276249.3025926063,37.01,500,4
2024-08-14,Holiday Special,Mobile Ads,Facebook,31403,4035,3258.12,674,163942.71805228843,61.85,189,4
2024-08-14,Summer Sale,Social Media,Google Ads,1492,41,1366.69,1,248.57951125997454,68.46,106,7
2024-08-16,Product Launch,Display Ads,Instagram,44527,1025,1578.57,212,16860.910755029632,69.07,365,1
2024-08-17,Retargeting,Shopping Ads,YouTube,21936,2029,3182.37,446,102869.72033648276,55.41,117,3
2024-08-17,Product Launch,Search Ads,YouTube,38772,3276,3032.23,949,374078.292799594,44.05,289,5
2024-08-18,Spring Collection,Display Ads,YouTube,73124,3458,4703.91,295,136239.65876152084,57.79,73,1
2024-08-18,Retargeting,Display Ads,LinkedIn,66333,9016,4568.82,138,32578.17221163539,56.24,496,4
2024-08-18,Brand Awareness,Desktop Ads,Instagram,88445,12367,2928.01,2080,500476.3339588178,70.94,271,9
2024-08-20,Summer Sale,Desktop Ads,LinkedIn,45409,3013,1464.21,647,236919.8820061313,32.4,315,3
2024-08-20,Summer Sale,Search Ads,Facebook,73010,9830,4435.27,2351,1114955.6385693273,43.87,373,2
2024-08-20,Black Friday,Video Ads,Google Ads,71188,4538,1120.44,300,51053.226932313635,59.11,546,1
2024-08-20,Spring Collection,Mobile Ads,Google Ads,32881,3720,324.31,319,79132.70084852084,71.81,570,6
2024-08-21,Spring Collection,Display Ads,LinkedIn,4744,363,1622.59,57,23266.713697116527,79.0,462,5
2024-08-22,Summer Sale,Social Media,Instagram,21093,572,2633.33,60,19461.726373099038,68.34,527,5
2024-08-24,Black Friday,Mobile Ads,LinkedIn,62202,8702,1760.84,2258,225266.78410177442,63.97,60,7
2024-08-28,Holiday Special,Social Media,Twitter,97038,7139,3979.95,1052,349768.6770151766,59.41,320,3
2024-08-29,Spring Collection,Social Media,Google Ads,5967,673,1404.81,162,21713.804147145132,61.72,128,10
2024-08-29,Holiday Special,Display Ads,Twitter,80676,4953,1449.87,883,246884.30140605388,40.53,591,7
2024-08-30,Spring Collection,Search Ads,Google Ads,45602,576,3412.04,134,38604.92703992444,78.91,500,8
2024-08-31,Retargeting,Social Media,YouTube,76948,1852,3073.32,197,87525.42806124491,21.06,286,6
2024-09-02,Retargeting,Email Campaign,YouTube,20503,1629,2330.32,409,105572.07113198924,53.59,335,2
2024-09-03,Holiday Special,Social Media,YouTube,26235,2796,2287.83,250,43937.2725015381,52.14,576,4
2024-09-03,Holiday Special,Shopping Ads,Instagram,39244,2231,4988.23,375,57725.57126145533,34.44,437,10
2024-09-07,Back to School,Social Media,Instagram,85289,9157,4563.5,659,292209.3940307399,69.53,63,3
2024-09-08,Holiday Special,Shopping Ads,Google Ads,80151,8640,347.48,1277,162121.38749143496,75.18,435,5
2024-09-08,Back to School,Display Ads,Instagram,83152,9026,1018.99,923,223034.50676281375,38.66,551,5
2024-09-09,Retargeting,Desktop Ads,LinkedIn,72678,5738,3366.66,501,67248.17876028019,68.23,268,10
2024-09-09,Holiday Special,Shopping Ads,Instagram,78960,10903,176.57,3166,1260026.2659509506,65.88,142,1
2024-09-09,Holiday Special,Shopping Ads,Google Ads,67418,5291,172.19,298,78513.3710205964,45.0,478,9
2024-09-09,Spring Collection,Email Campaign,YouTube,64115,4682,1037.09,1115,231936.34673688043,61.48,84,3
2024-09-09,Retargeting,Email Campaign,LinkedIn,54554,2068,342.93,610,129621.85135196513,21.98,543,5
2024-09-10,Product Launch,Shopping Ads,Google Ads,90678,4812,626.57,75,32512.229476900557,74.2,300,9
2024-09-10,Product Launch,Video Ads,Facebook,43417,691,4359.64,146,43682.948797144585,59.77,237,5
2024-09-10,Back to School,Mobile Ads,Twitter,24173,2385,600.13,198,73862.02553579559,56.12,374,4
2024-09-12,Summer Sale,Desktop Ads,Facebook,9155,410,4071.33,8,3629.338658502464,28.57,469,9
2024-09-12,Holiday Special,Social Media,YouTube,79405,4175,4011.02,529,241109.60598147483,73.31,321,10
2024-09-14,Back to School,Display Ads,YouTube,6793,800,3408.53,224,44313.712677256604,23.21,250,1
2024-09-15,Summer Sale,Shopping Ads,Google Ads,32279,1801,731.27,24,11486.473641980961,28.7,257,1
2024-09-15,Spring Collection,Desktop Ads,YouTube,36820,1616,1123.93,291,17807.496749812584,62.36,60,3
2024-09-19,Spring Collection,Video Ads,Facebook,23852,803,1333.97,124,27227.424304702043,35.5,88,10
2024-09-20,Black Friday,Email Campaign,Twitter,42160,4995,1572.27,1315,595838.973930857,68.57,596,6
2024-09-21,Spring Collection,Shopping Ads,LinkedIn,52813,1487,2097.71,51,8852.916391799758,29.22,322,4
2024-09-24,Spring Collection,Search Ads,LinkedIn,87120,6405,4473.29,1329,229766.36136466442,32.57,161,2
2024-09-24,Summer Sale,Desktop Ads,Google Ads,13180,1067,1172.12,221,41145.78625139384,74.5,175,7
2024-09-25,Retargeting,Mobile Ads,Instagram,33955,3607,4666.1,735,239272.65203811953,60.23,69,5
2024-09-26,Spring Collection,Search Ads,Instagram,66087,6520,3565.16,1846,456423.0367028437,30.52,141,8
2024-09-27,Back to School,Search Ads,Google Ads,56077,6925,3136.22,1722,649246.8246902052,25.49,311,3
2024-09-27,Spring Collection,Email Campaign,Instagram,68028,1106,2271.46,24,10865.034939698391,66.55,46,6
2024-09-28,Brand Awareness,Desktop Ads,Facebook,77112,3971,429.78,582,205672.81629753517,37.09,474,7
2024-09-29,Back to School,Shopping Ads,Facebook,5213,256,4920.96,32,4544.320770845087,64.4,396,10
2024-09-30,Back to School,Email Campaign,Twitter,53142,1617,1861.13,161,75622.80382601838,70.92,590,9
2024-10-03,Back to School,Mobile Ads,Google Ads,6498,328,3851.63,46,7775.002478292805,38.35,587,5
2024-10-03,Spring Collection,Desktop Ads,Instagram,86090,4594,4453.4,557,65421.00512400283,37.03,540,5
2024-10-03,Holiday Special,Display Ads,LinkedIn,3659,303,3388.28,41,3709.8962949847287,66.5,589,9
2024-10-03,Spring Collection,Desktop Ads,YouTube,21808,2244,3724.35,659,200021.44829455137,40.93,110,1
2024-10-05,Spring Collection,Search Ads,YouTube,61948,3924,1685.44,140,14167.035136281062,22.19,201,3
2024-10-06,Holiday Special,Social Media,Instagram,11516,1275,2509.63,353,39694.54919129139,53.24,196,2
2024-10-06,Spring Collection,Email Campaign,LinkedIn,17859,1019,2439.43,152,28122.084872731968,73.33,484,1
2024-10-09,Retargeting,Social Media,Facebook,4321,218,4813.19,41,7246.4980286783575,36.11,84,5
2024-10-09,Black Friday,Shopping Ads,Instagram,64922,5568,4820.92,1396,449383.26039065176,68.18,283,8
2024-10-10,Back to School,Search Ads,Twitter,75965,1011,76.75,115,48016.56821271127,41.53,571,9
2024-10-11,Summer Sale,Video Ads,LinkedIn,47101,997,3665.94,134,52609.38426903442,48.62,195,5
2024-10-11,Black Friday,Mobile Ads,YouTube,55040,3771,2323.69,485,81537.23224187105,50.54,388,3
2024-10-14,Retargeting,Display Ads,Google Ads,37593,5338,1305.5,633,101526.69535130639,26.85,368,5
2024-10-15,Spring Collection,Mobile Ads,YouTube,19230,2134,1807.9,594,287856.0759975925,58.03,304,10
2024-10-15,Holiday Special,Social Media,Twitter,49688,1109,538.04,277,14876.64751443783,42.63,262,1
2024-10-20,Holiday Special,Desktop Ads,YouTube,8461,1087,2128.25,45,20064.34079446937,37.11,114,5
2024-10-22,Back to School,Email Campaign,Instagram,45900,5164,3255.21,213,29793.978557882514,32.54,584,3
2024-10-24,Summer Sale,Display Ads,Twitter,12120,1157,1147.82,155,73823.0815355113,51.21,504,8
2024-10-27,Summer Sale,Mobile Ads,Facebook,79257,9894,3511.73,382,77942.62226185063,26.31,502,7
2024-10-28,Black Friday,Email Campaign,Facebook,2207,146,3635.06,27,6700.274052803015,54.5,261,10
2024-10-28,Product Launch,Social Media,Google Ads,17211,705,1024.59,36,13255.353945898973,72.24,336,3
2024-10-30,Spring Collection,Video Ads,Twitter,84820,6928,3330.84,1118,351556.2997961973,51.83,37,7
2024-10-31,Black Friday,Desktop Ads,Facebook,93492,8118,4089.59,98,18921.124440070886,39.48,103,6
2024-10-31,Product Launch,Shopping Ads,Instagram,67624,5772,2884.58,587,175644.4364264856,25.99,367,3
2024-11-04,Summer Sale,Social Media,LinkedIn,73954,6590,3527.32,1360,515192.61323008634,71.81,227,7
2024-11-09,Product Launch,Display Ads,Instagram,12590,1798,3705.6,270,18643.69592715279,69.46,474,1
2024-11-09,Retargeting,Email Campaign,YouTube,16037,2186,3250.67,642,35335.47928837292,70.97,426,3
2024-11-11,Black Friday,Video Ads,Facebook,51085,6773,2184.01,1784,456936.1386877171,63.71,584,10
2024-11-11,Brand Awareness,Display Ads,Twitter,25820,3155,953.17,360,39357.532084169296,76.61,90,2
2024-11-13,Black Friday,Display Ads,Facebook,47737,6782,1139.44,157,54785.92419198207,28.71,582,8
2024-11-16,Product Launch,Display Ads,LinkedIn,37188,884,1951.01,225,32922.81119302771,44.0,432,10
2024-11-18,Summer Sale,Display Ads,LinkedIn,73702,3472,4321.89,952,233033.41415126543,46.51,172,4
2024-11-18,Holiday Special,Desktop Ads,LinkedIn,21878,1735,3047.13,430,59749.32628517105,72.93,546,2
2024-11-20,Retargeting,Display Ads,Instagram,71812,9228,1609.3,434,128818.84429680403,36.91,93,8
2024-11-21,Holiday Special,Desktop Ads,Google Ads,80003,6458,430.2,1933,197599.10164566725,52.99,515,4
2024-11-22,Retargeting,Display Ads,Google Ads,27423,3146,2391.49,267,16126.288362415751,63.44,519,8
2024-11-25,Spring Collection,Shopping Ads,LinkedIn,6451,190,1815.03,41,2993.3787230685634,68.59,494,7
2024-11-26,Retargeting,Social Media,Facebook,24952,1131,1223.57,309,148139.63629270386,60.39,597,3
2024-11-26,Back to School,Desktop Ads,LinkedIn,9210,1035,268.0,81,9236.332668368612,65.23,90,9
2024-12-01,Holiday Special,Email Campaign,YouTube,33402,1104,1569.51,301,111013.37938738432,50.7,32,9
2024-12-03,Black Friday,Shopping Ads,Twitter,72155,4270,222.95,425,34240.88655761552,44.52,243,5
2024-12-03,Retargeting,Shopping Ads,Twitter,94376,4443,80.97,1302,128471.15037459323,56.97,573,1
2024-12-03,Spring Collection,Search Ads,LinkedIn,73692,4346,618.24,397,110760.74231427765,57.77,365,2
2024-12-04,Retargeting,Mobile Ads,YouTube,32131,3507,1781.78,1004,260228.68624373246,39.29,390,5
2024-12-05,Product Launch,Social Media,LinkedIn,50416,3100,255.42,79,37778.68000058737,61.1,300,10
2024-12-05,Black Friday,Shopping Ads,YouTube,62440,5478,1233.76,1181,561182.8015078709,67.79,570,1
2024-12-06,Summer Sale,Social Media,Google Ads,47154,1131,1113.84,185,74152.41949166021,41.38,420,8
2024-12-07,Black Friday,Shopping Ads,Instagram,62997,7729,3469.1,1148,368445.8054437889,63.96,507,2
2024-12-07,Spring Collection,Social Media,LinkedIn,22607,1396,1161.78,104,26492.142853992915,49.16,485,10
2024-12-07,Product Launch,Mobile Ads,Facebook,13866,1397,641.83,299,62873.82179388906,30.78,99,3
2024-12-09,Retargeting,Email Campaign,Google Ads,50678,5653,4121.35,369,175713.887175291,61.41,493,4
2024-12-09,Summer Sale,Mobile Ads,Facebook,68990,2714,3814.1,462,148444.74189519213,73.97,597,6
2024-12-11,Summer Sale,Mobile Ads,LinkedIn,76769,10275,4638.24,857,266169.32030210376,50.18,450,6
2024-12-11,Brand Awareness,Video Ads,Facebook,32655,3143,1497.96,902,139228.66532600255,53.72,322,5
2024-12-11,Holiday Special,Email Campaign,Twitter,78487,5495,1006.58,100,7101.401804830089,66.92,525,1
2024-12-11,Spring Collection,Shopping Ads,Facebook,13449,477,4983.0,32,15210.715548537439,45.92,544,10
2024-12-13,Brand Awareness,Desktop Ads,Google Ads,61348,8706,1195.83,698,133444.2448031058,64.98,363,10
2024-12-13,Back to School,Display Ads,LinkedIn,6939,802,3153.49,104,25913.16629158467,57.57,204,4
2024-12-13,Product Launch,Video Ads,Instagram,4642,181,4437.13,14,1422.231644589953,37.6,68,2
2024-12-14,Product Launch,Video Ads,LinkedIn,40758,2334,4159.25,355,151448.66170300942,30.17,113,6
2024-12-14,Brand Awareness,Mobile Ads,LinkedIn,8684,1071,3898.4,281,17544.045264632427,64.74,192,5
2024-12-15,Summer Sale,Shopping Ads,YouTube,49511,5317,3276.91,1151,489515.515229227,71.18,496,5
2024-12-19,Black Friday,Social Media,Twitter,18611,2181,2053.39,388,43893.763232779,35.59,521,4
2024-12-22,Retargeting,Shopping Ads,YouTube,59608,4277,1512.57,153,68689.93915465483,23.49,325,6
2024-12-23,Retargeting,Search Ads,Facebook,64761,7143,3418.37,1509,571002.1093831176,47.93,196,6
2024-12-24,Back to School,Social Media,Google Ads,67262,4312,1475.63,251,31149.50615020011,34.29,141,9
2024-12-26,Brand Awareness,Search Ads,YouTube,91270,3612,1413.91,859,261666.94513982738,59.37,115,7
2024-12-30,Black Friday,Desktop Ads,Google Ads,50067,4935,1034.13,407,77613.00397415845,31.47,90,7
2024-12-30,Summer Sale,Desktop Ads,LinkedIn,59478,8721,2582.61,1141,148563.78463615253,37.84,402,6
2025-01-01,Holiday Special,Desktop Ads,Google Ads,7816,418,3006.6,46,20085.071527809945,41.6,168,10
2025-01-01,Summer Sale,Social Media,LinkedIn,16193,1206,618.03,312,72254.596417615,67.1,391,1
2025-01-03,Black Friday,Desktop Ads,Facebook,63261,6601,4518.68,308,70638.15881104201,56.4,526,10
2025-01-03,Brand Awareness,Search Ads,YouTube,45769,3927,1670.73,683,86364.66950181466,59.34,557,9
2025-01-04,Black Friday,Video Ads,Instagram,62388,7990,2639.9,409,90953.23768358756,37.33,548,7
2025-01-07,Back to School,Social Media,Twitter,13867,1617,3210.52,346,153010.74297340197,48.68,484,8
2025-01-07,Summer Sale,Video Ads,LinkedIn,51939,943,3069.21,256,54632.42744840606,48.38,170,4
2025-01-07,Holiday Special,Shopping Ads,Twitter,59627,8930,464.44,1214,580561.0261936343,72.5,303,1
2025-01-07,Brand Awareness,Video Ads,Google Ads,20595,2375,2086.3,359,170826.202667115,29.24,382,8
2025-01-08,Summer Sale,Search Ads,Google Ads,11651,1525,298.56,425,48961.86859252993,53.58,96,9
2025-01-09,Brand Awareness,Display Ads,Google Ads,86376,8738,2486.55,1407,182614.6201678626,72.55,152,4
2025-01-10,Brand Awareness,Search Ads,Facebook,81769,10620,3145.38,1607,704192.7539605056,42.14,380,5
2025-01-11,Product Launch,Desktop Ads,YouTube,56398,1451,4501.34,257,58272.80027364378,26.74,425,2
2025-01-13,Spring Collection,Shopping Ads,LinkedIn,18862,1106,273.98,232,12056.643750346175,28.43,36,3
2025-01-14,Summer Sale,Social Media,YouTube,63368,8408,4480.57,344,59595.35769039143,37.42,121,10
2025-01-14,Back to School,Desktop Ads,Google Ads,87497,3345,1816.01,829,264395.4959116037,31.56,533,8
2025-01-18,Retargeting,Email Campaign,Google Ads,62610,1311,255.07,178,72921.20387339343,21.08,410,2
2025-01-19,Back to School,Mobile Ads,LinkedIn,23785,2862,1207.79,88,9682.189236893078,23.68,71,4
2025-01-19,Spring Collection,Shopping Ads,Instagram,65089,8264,2218.97,1966,196095.94509948578,78.23,526,7
2025-01-20,Retargeting,Video Ads,Facebook,73237,2400,1910.23,286,132973.32451475906,47.17,317,3
2025-01-20,Holiday Special,Social Media,Google Ads,11058,1433,4718.72,56,21728.938869129084,57.64,511,3
2025-01-20,Spring Collection,Search Ads,Facebook,23190,2461,3438.9,476,150130.7904866644,47.91,345,3
2025-01-21,Black Friday,Search Ads,YouTube,75637,6263,1223.87,1661,657978.6661824564,48.3,68,7
2025-01-21,Retargeting,Shopping Ads,Google Ads,12033,1518,2961.06,405,98408.70734813486,22.78,209,9
2025-01-22,Retargeting,Shopping Ads,Twitter,15849,1088,1767.09,313,122478.49200849047,25.66,243,6
2025-01-22,Spring Collection,Display Ads,Facebook,57307,2129,1624.35,557,121042.4197629624,73.32,473,2
2025-01-24,Back to School,Shopping Ads,Google Ads,85388,4259,3950.45,45,7192.915092975198,37.08,407,6
2025-01-24,Holiday Special,Desktop Ads,YouTube,90709,7322,3982.68,880,332689.31483201555,44.87,90,4
2025-01-26,Back to School,Email Campaign,Twitter,57882,4884,2528.52,1208,288533.85801669105,36.75,595,3
2025-01-26,Brand Awareness,Social Media,YouTube,62944,7728,3179.58,898,441474.4878582153,45.61,366,10
2025-01-27,Product Launch,Mobile Ads,YouTube,97158,11735,4624.33,2164,448528.6705316287,79.52,173,5
2025-01-27,Back to School,Desktop Ads,YouTube,99668,9108,4076.5,1692,786403.2579923536,78.35,247,7
2025-01-27,Black Friday,Display Ads,LinkedIn,97055,11579,184.89,1341,630046.2499328041,35.13,96,6
2025-01-27,Black Friday,Desktop Ads,Instagram,80303,2959,2198.56,805,127861.2300742043,65.36,229,5
2025-01-28,Brand Awareness,Mobile Ads,Twitter,35773,608,1956.26,94,38464.755981172966,73.78,510,6
2025-01-30,Brand Awareness,Desktop Ads,Twitter,9016,1192,3378.33,172,42119.966698189346,58.17,84,7
2025-01-30,Product Launch,Mobile Ads,Google Ads,44791,921,1078.53,275,127293.68499475557,38.16,250,3
2025-01-31,Black Friday,Social Media,Instagram,29172,1299,3657.49,198,50006.07269179978,57.01,219,1
2025-01-31,Brand Awareness,Social Media,Facebook,76357,8196,3773.04,505,194393.01976491645,39.14,410,9
2025-02-01,Product Launch,Video Ads,Instagram,84375,5680,1238.35,901,234381.9360454619,49.57,81,5
2025-02-01,Brand Awareness,Desktop Ads,Facebook,18908,2508,3080.77,617,94098.87982367452,34.54,543,8
2025-02-01,Back to School,Social Media,YouTube,87836,4542,4926.61,1068,149207.6719708162,67.76,255,1
2025-02-03,Black Friday,Display Ads,Instagram,37674,439,1167.35,104,25110.17989119697,71.71,53,8
2025-02-04,Brand Awareness,Mobile Ads,Google Ads,51583,2687,375.18,578,225404.16028939732,35.52,477,7
2025-02-04,Retargeting,Social Media,Twitter,44949,4087,2176.63,342,110220.50156932001,22.5,582,7
2025-02-05,Brand Awareness,Social Media,Google Ads,25272,1582,3329.71,411,147911.9871671055,59.16,439,4
2025-02-05,Product Launch,Search Ads,YouTube,75813,6435,2727.96,1731,306468.1109026466,68.35,266,4
2025-02-06,Holiday Special,Display Ads,LinkedIn,48775,6473,227.85,429,114391.09353711575,75.53,293,1
2025-02-06,Brand Awareness,Display Ads,Facebook,79928,11009,1093.89,526,36808.359218239704,62.87,41,3
2025-02-07,Product Launch,Video Ads,Facebook,92369,4363,1765.47,1278,534062.8924175152,40.74,416,1
2025-02-10,Brand Awareness,Display Ads,LinkedIn,43070,3217,538.75,842,417170.1402726885,44.82,76,10
2025-02-10,Back to School,Social Media,YouTube,6482,563,1823.76,151,35197.43230534639,37.29,96,10
2025-02-11,Product Launch,Search Ads,LinkedIn,97566,13939,3120.84,3722,204463.02263002197,64.06,438,10
2025-02-11,Spring Collection,Desktop Ads,Twitter,22826,3419,2794.07,571,72178.21873261592,29.42,212,5
2025-02-12,Spring Collection,Search Ads,YouTube,48118,2067,864.87,408,140203.93475497692,34.36,174,6
2025-02-14,Retargeting,Social Media,Facebook,68411,7646,4540.88,1285,418184.86575138156,73.48,501,9
2025-02-16,Brand Awareness,Mobile Ads,YouTube,27654,1740,1900.35,43,17395.182323980276,68.29,425,1
2025-02-17,Spring Collection,Shopping Ads,YouTube,84297,938,3535.21,212,34820.534645685904,60.25,354,8
2025-02-18,Summer Sale,Mobile Ads,Twitter,14979,169,1081.58,26,10234.493411901469,38.89,427,4
2025-02-18,Summer Sale,Search Ads,YouTube,95333,7100,2081.95,1404,504868.3047986546,76.67,221,9
2025-02-18,Black Friday,Email Campaign,Instagram,39458,3092,2590.22,481,93923.19803016138,39.61,41,7
2025-02-19,Retargeting,Display Ads,LinkedIn,32705,430,3911.94,65,19205.528330666137,60.32,510,6
2025-02-20,Spring Collection,Display Ads,Twitter,30796,3269,3071.37,195,22673.27669572817,73.25,192,8
2025-02-21,Back to School,Email Campaign,YouTube,88697,4537,2104.87,412,104505.45893695702,41.21,556,8
2025-02-22,Summer Sale,Search Ads,Instagram,29803,2634,1981.1,147,65641.20401160565,63.64,224,4
2025-02-23,Summer Sale,Search Ads,LinkedIn,74851,3901,1756.85,260,62279.391439570725,35.35,67,8
2025-02-23,Summer Sale,Desktop Ads,Google Ads,82423,2752,111.09,804,343955.23440280766,71.28,445,5
2025-02-25,Summer Sale,Search Ads,Google Ads,88265,5914,4696.39,321,101312.09861176285,78.06,58,7
2025-02-25,Summer Sale,Video Ads,Twitter,9036,384,1719.69,33,4499.369189569998,44.42,454,5
2025-03-02,Spring Collection,Desktop Ads,Twitter,95230,8082,4375.68,1465,456344.2918170882,67.43,429,8
2025-03-03,Holiday Special,Video Ads,LinkedIn,47733,1806,1513.49,337,93582.37186666868,46.54,259,10
2025-03-07,Summer Sale,Display Ads,Instagram,49766,4039,3506.08,220,50465.49218444202,65.92,173,7
2025-03-10,Holiday Special,Video Ads,YouTube,17237,552,2314.34,132,13706.048107254577,70.52,461,4
2025-03-11,Retargeting,Desktop Ads,Twitter,88960,9246,2965.22,2197,521829.02051256376,31.25,196,6
2025-03-13,Black Friday,Display Ads,LinkedIn,27762,3207,1474.76,252,20851.253465573714,32.47,154,10
2025-03-14,Spring Collection,Email Campaign,Twitter,38437,978,2325.27,91,8594.592654778864,65.02,50,10
2025-03-16,Retargeting,Video Ads,LinkedIn,94344,7122,3549.73,2008,476222.1791580022,77.71,291,7
2025-03-17,Retargeting,Video Ads,YouTube,72425,1442,2021.23,359,67284.37841200532,57.83,485,3
2025-03-17,Holiday Special,Display Ads,Twitter,36205,3394,2376.08,720,335876.3615793604,52.97,486,3
2025-03-19,Retargeting,Video Ads,Instagram,79471,3736,3912.72,126,27602.519165061338,52.13,558,7
2025-03-20,Retargeting,Display Ads,Facebook,8659,726,2230.67,95,37148.434718582284,62.06,478,10
2025-03-20,Black Friday,Shopping Ads,Google Ads,40779,3362,890.87,578,166817.38160785972,47.25,539,2
2025-03-22,Brand Awareness,Email Campaign,LinkedIn,39333,5483,576.37,352,129127.16991294594,62.25,559,1
2025-03-25,Black Friday,Display Ads,YouTube,20710,1799,2752.32,251,41930.10028158934,78.09,216,8
2025-03-26,Holiday Special,Search Ads,Facebook,79915,7321,501.98,1349,639233.4137615077,30.34,485,9
2025-03-28,Summer Sale,Desktop Ads,YouTube,78988,5231,141.01,548,158119.82333909694,21.49,242,1
2025-03-28,Retargeting,Shopping Ads,LinkedIn,13237,1891,1521.94,447,189570.83693902797,48.9,279,10
2025-03-28,Brand Awareness,Social Media,Twitter,43359,5151,3651.27,1306,279837.3540559119,45.36,62,7
2025-03-30,Retargeting,Video Ads,Instagram,65307,3262,1001.93,338,32142.146190584783,45.58,177,10
2025-03-30,Spring Collection,Video Ads,Facebook,37021,4745,3282.22,1201,424157.4600107327,71.78,144,6
2025-03-31,Brand Awareness,Social Media,Instagram,24989,1762,670.61,70,3744.428922628871,79.05,165,9
2025-03-31,Black Friday,Desktop Ads,Facebook,96998,12223,4570.5,3091,815658.7657537938,46.81,522,5
2025-03-31,Spring Collection,Email Campaign,Instagram,23190,2903,194.32,157,21471.45442338534,46.62,593,6
2025-04-01,Back to School,Mobile Ads,Instagram,28747,1047,4764.46,35,11631.164194856954,47.34,171,7
2025-04-03,Black Friday,Mobile Ads,YouTube,54798,5926,4745.09,1162,570238.6516637829,79.44,269,3
2025-04-04,Brand Awareness,Display Ads,Google Ads,75027,3803,3035.8,558,144511.56977711417,51.39,230,9
2025-04-04,Summer Sale,Search Ads,Google Ads,75567,3902,274.99,1066,445453.9136553623,56.41,89,9
2025-04-05,Summer Sale,Desktop Ads,LinkedIn,18709,963,3459.37,111,30913.82013820849,77.27,80,10
2025-04-05,Spring Collection,Search Ads,YouTube,22542,2515,4134.8,234,63911.95527525374,35.31,122,9
2025-04-06,Product Launch,Email Campaign,YouTube,50812,2143,987.5,332,155605.2698809094,46.85,360,3
2025-04-06,Retargeting,Search Ads,Google Ads,76868,778,3753.4,110,49553.31050296073,28.24,598,2
2025-04-08,Black Friday,Email Campaign,LinkedIn,53395,5880,1213.22,646,260732.19523014416,47.14,379,10
2025-04-11,Summer Sale,Email Campaign,YouTube,56267,1911,1037.55,403,73875.9808639988,22.23,216,6
2025-04-13,Back to School,Social Media,YouTube,3745,92,3919.08,21,6200.329528591238,73.27,573,6
2025-04-14,Retargeting,Mobile Ads,Instagram,76250,3297,2381.2,848,127839.18422944938,35.66,207,3
2025-04-15,Back to School,Social Media,Instagram,78949,4988,451.14,1457,363903.98307421384,27.5,208,8
2025-04-15,Brand Awareness,Mobile Ads,YouTube,74402,5701,4520.96,497,133144.25215717716,74.87,555,4
2025-04-16,Product Launch,Video Ads,Google Ads,17715,287,1617.1,62,26302.75712072433,75.39,522,6
2025-04-16,Holiday Special,Mobile Ads,LinkedIn,83325,12155,628.77,1511,684804.4870027291,63.97,393,7
2025-04-17,Product Launch,Search Ads,YouTube,3011,331,2590.26,68,16087.373909332222,74.11,213,1
2025-04-17,Holiday Special,Social Media,Google Ads,7344,405,748.48,59,3420.053016694448,35.78,173,8
2025-04-17,Spring Collection,Display Ads,Facebook,56284,3074,3422.7,916,401023.17676117196,63.65,171,5
2025-04-18,Spring Collection,Email Campaign,YouTube,57699,4200,3863.71,929,119307.20154749382,61.39,99,2
2025-04-18,Product Launch,Mobile Ads,Instagram,46409,4532,3118.84,1297,427811.4082246282,65.77,336,3
2025-04-19,Brand Awareness,Social Media,Twitter,44148,1346,3036.5,339,20759.310861226713,65.43,273,3
2025-04-19,Spring Collection,Social Media,Facebook,9472,345,3150.3,93,21369.345989654616,46.67,490,7
2025-04-20,Summer Sale,Email Campaign,Instagram,33983,4428,1840.15,1090,538113.5281875791,31.85,464,9
2025-04-20,Black Friday,Video Ads,LinkedIn,35518,1629,4982.17,233,22207.724075733757,25.11,187,6
2025-04-21,Holiday Special,Display Ads,Facebook,24567,1553,490.5,128,30804.725555179397,60.32,61,5
2025-04-21,Retargeting,Search Ads,YouTube,9016,1189,4476.61,139,26162.229384381506,35.86,286,5
2025-04-21,Back to School,Shopping Ads,Google Ads,2708,278,958.09,4,1829.1586220988756,27.83,551,6
2025-04-25,Holiday Special,Social Media,Facebook,85754,4959,759.81,803,354286.04799232277,38.27,237,3
2025-04-28,Summer Sale,Video Ads,YouTube,56243,5945,2213.41,930,145976.93118815674,47.31,497,8
2025-04-29,Summer Sale,Display Ads,Google Ads,49200,627,3275.0,101,8739.984921442097,29.82,442,5
2025-04-29,Spring Collection,Email Campaign,Twitter,32337,3653,4181.23,1068,354802.71218577307,45.86,542,9
2025-05-02,Spring Collection,Social Media,Facebook,35324,2761,2919.67,757,152434.00170318573,45.65,597,4
2025-05-03,Spring Collection,Shopping Ads,Instagram,82926,10270,1602.85,584,205823.7778512734,37.22,60,4
2025-05-04,Spring Collection,Video Ads,Facebook,32259,4633,125.13,541,34869.554614709436,53.69,207,1
2025-05-04,Spring Collection,Social Media,Google Ads,19354,2702,260.23,359,39500.64644292342,74.91,532,3
2025-05-06,Brand Awareness,Email Campaign,LinkedIn,59810,8211,2588.96,940,337335.4544628281,76.45,460,1
2025-05-06,Black Friday,Mobile Ads,LinkedIn,57547,4701,3112.12,1135,165218.31219575074,47.6,469,4
2025-05-07,Spring Collection,Social Media,YouTube,28364,1713,4194.32,277,120748.30378378337,72.64,378,6
2025-05-07,Summer Sale,Shopping Ads,LinkedIn,50879,3821,3799.45,672,51317.88444354496,56.38,478,7
2025-05-10,Holiday Special,Social Media,LinkedIn,34870,3716,3296.72,956,140500.3489943542,79.77,191,9
2025-05-11,Brand Awareness,Video Ads,Twitter,6571,878,1649.34,213,106361.99981729384,46.74,399,8
2025-05-11,Back to School,Search Ads,Instagram,92088,3589,3380.59,173,42364.97458638181,22.11,44,10
2025-05-11,Summer Sale,Video Ads,YouTube,62350,8638,3915.77,1874,686510.9440671979,71.28,142,2
2025-05-13,Spring Collection,Email Campaign,Google Ads,67852,8422,1359.14,1147,151631.53266754758,74.17,362,9
2025-05-13,Back to School,Video Ads,Instagram,90906,13366,728.59,1275,413662.18669795233,35.97,199,10
2025-05-14,Retargeting,Mobile Ads,Instagram,25968,3459,392.31,84,31646.809384364016,59.85,100,8
2025-05-15,Holiday Special,Display Ads,Instagram,79860,3928,3949.32,594,113759.60476711828,39.54,458,4
2025-05-16,Product Launch,Display Ads,Google Ads,77253,1918,3198.54,216,91368.79928405532,20.68,209,10
2025-05-17,Back to School,Video Ads,YouTube,33327,856,3910.94,70,22507.653721876923,21.42,523,3
2025-05-17,Retargeting,Search Ads,Twitter,74869,3801,207.3,803,180759.59952439117,43.23,562,9
2025-05-18,Back to School,Video Ads,Twitter,65386,6276,3112.92,1463,440273.8696574685,43.67,52,1
2025-05-19,Back to School,Email Campaign,Twitter,36063,4421,3077.65,358,110816.17252192741,50.34,134,2
2025-05-19,Holiday Special,Search Ads,YouTube,29365,3990,324.85,97,12075.615526087253,21.3,78,1
2025-05-20,Spring Collection,Social Media,LinkedIn,79279,7715,3258.77,1976,456909.6232857063,52.4,176,7
2025-05-20,Product Launch,Shopping Ads,Twitter,25045,270,4085.62,3,613.6312938263158,55.29,217,1
2025-05-20,Holiday Special,Mobile Ads,Facebook,86179,3109,4817.64,875,201605.4470155309,61.29,326,1
2025-05-22,Summer Sale,Search Ads,YouTube,28045,672,1315.93,129,50632.46966156922,38.37,78,8
2025-05-23,Holiday Special,Mobile Ads,Facebook,96028,5844,3117.1,603,161086.79686608163,60.12,403,6
2025-05-24,Product Launch,Social Media,Instagram,52649,4221,3307.37,343,162287.79825248045,52.23,150,10
2025-05-24,Brand Awareness,Social Media,Google Ads,72675,1168,3963.08,14,2550.161404158148,49.85,570,1
2025-05-25,Back to School,Shopping Ads,YouTube,84555,4970,2129.02,389,92218.91137877683,74.76,440,8
2025-05-25,Holiday Special,Mobile Ads,LinkedIn,12908,452,1309.98,22,8890.87242374251,78.17,272,5
2025-05-25,Retargeting,Video Ads,Facebook,62709,6307,4272.26,1182,349530.48118730704,26.15,386,10
2025-05-25,Brand Awareness,Mobile Ads,Twitter,62049,4653,3634.95,271,80260.0824564614,60.59,304,7
2025-05-26,Holiday Special,Search Ads,YouTube,87698,6958,4944.74,1136,84067.4913282498,76.47,101,10
2025-05-26,Spring Collection,Social Media,Google Ads,76774,5364,1101.05,971,222718.12262482927,33.64,229,2
2025-05-27,Summer Sale,Search Ads,Instagram,29328,4218,707.99,406,69763.05291345052,49.13,374,8
2025-05-27,Brand Awareness,Video Ads,Twitter,59394,2379,3159.19,47,23485.937847878093,68.87,377,3
2025-05-30,Summer Sale,Display Ads,Google Ads,81388,6700,3322.65,139,26237.60966805101,71.08,362,10
2025-05-30,Summer Sale,Mobile Ads,Twitter,42627,4818,3967.48,84,37633.96901520804,63.32,520,7
2025-05-31,Summer Sale,Desktop Ads,Facebook,95108,8365,3667.85,1876,664676.5191211711,70.3,263,9
2025-06-01,Spring Collection,Shopping Ads,Facebook,77021,10787,675.61,1102,224160.44731835765,62.32,186,7
2025-06-02,Black Friday,Mobile Ads,Twitter,5426,341,3856.15,82,24156.418562005165,51.45,534,10
2025-06-04,Holiday Special,Shopping Ads,Twitter,65046,4872,4322.52,658,281782.6740529563,30.42,218,7
2025-06-05,Spring Collection,Shopping Ads,Instagram,51961,1163,2984.22,164,73392.5803946813,42.78,263,1
2025-06-08,Black Friday,Shopping Ads,LinkedIn,75083,7152,2283.41,1135,138671.17165938867,21.26,187,5
2025-06-08,Brand Awareness,Email Campaign,Facebook,69026,3475,783.68,753,152714.35889838828,20.9,464,1
2025-06-08,Summer Sale,Shopping Ads,Twitter,5648,183,3918.45,16,3213.606897537716,23.75,270,5
2025-06-09,Black Friday,Email Campaign,YouTube,48153,4152,143.78,187,12888.069589790748,78.89,283,6
2025-06-14,Black Friday,Shopping Ads,Google Ads,98618,8335,2106.79,1427,455508.3774888954,65.94,91,8
2025-06-15,Brand Awareness,Mobile Ads,Google Ads,9811,202,2809.15,21,9128.049500776177,26.06,250,9
2025-06-21,Product Launch,Search Ads,Google Ads,16072,1731,1528.98,239,52988.32541063444,68.4,479,3
2025-06-23,Retargeting,Email Campaign,Facebook,56745,5522,2169.51,1091,417870.6471899817,72.33,383,6
2025-06-24,Summer Sale,Video Ads,Facebook,6463,235,2903.54,36,11968.746700331987,49.95,218,8
2025-06-28,Black Friday,Mobile Ads,Facebook,93122,7051,788.25,1338,293078.1036403358,72.93,512,8
2025-06-30,Summer Sale,Shopping Ads,Facebook,91768,10172,3278.56,1707,193705.084980008,67.91,106,4
2025-06-30,Back to School,Mobile Ads,Instagram,28691,2413,3225.76,541,199734.89195830925,24.39,347,4
2025-06-30,Retargeting,Social Media,Facebook,5378,351,3103.87,75,32591.574451766865,66.5,264,5
2025-07-01,Back to School,Desktop Ads,Twitter,91887,5065,177.76,835,299459.82551986055,42.12,234,8
2025-07-04,Brand Awareness,Display Ads,YouTube,22312,2129,2852.76,440,25539.939838893977,61.71,373,10
2025-07-04,Product Launch,Desktop Ads,LinkedIn,8016,1134,257.72,298,43896.831137831934,36.44,198,4
2025-07-07,Retargeting,Desktop Ads,YouTube,55245,5747,2893.46,777,63143.676714526926,59.95,535,3
2025-07-09,Retargeting,Desktop Ads,Instagram,53780,1100,1158.71,142,43547.67176292089,46.95,296,8
2025-07-09,Black Friday,Display Ads,LinkedIn,94635,7049,986.95,1632,637157.2073403988,42.51,313,2
2025-07-09,Holiday Special,Mobile Ads,Twitter,52631,7090,4698.03,1268,126496.48414137708,72.09,587,2
2025-07-09,Back to School,Mobile Ads,Google Ads,89509,2078,383.52,63,26916.87721382247,37.26,71,6
2025-07-10,Holiday Special,Mobile Ads,YouTube,23207,3444,1593.42,925,277480.6122571199,62.14,200,6
2025-07-11,Holiday Special,Social Media,YouTube,56388,8056,3305.69,152,54793.880430493984,53.7,295,1
2025-07-13,Holiday Special,Social Media,Instagram,34204,716,3960.57,162,78915.19476357031,29.14,254,10
2025-07-14,Retargeting,Shopping Ads,Google Ads,9787,1376,660.83,316,27699.43652882256,43.04,439,8
2025-07-15,Spring Collection,Email Campaign,Facebook,9259,563,3406.66,161,73343.68046474083,36.04,505,9
2025-07-16,Summer Sale,Desktop Ads,Instagram,25264,3240,986.24,83,8859.935695129738,60.32,297,8
2025-07-16,Retargeting,Shopping Ads,Instagram,65353,4481,351.99,820,186001.79964893573,60.9,124,7
2025-07-17,Black Friday,Desktop Ads,Twitter,37636,2699,2247.32,361,156366.21621898952,64.83,492,2
2025-07-17,Spring Collection,Mobile Ads,LinkedIn,17724,1751,833.6,185,84695.66520842753,31.89,530,10
2025-07-17,Holiday Special,Display Ads,Twitter,97664,11566,4840.62,418,116148.51179384184,75.97,590,7
2025-07-18,Black Friday,Social Media,Facebook,4866,71,3157.34,12,3808.165046687296,53.35,349,8
2025-07-18,Brand Awareness,Mobile Ads,Instagram,44472,4137,1694.42,616,227098.44115072003,38.87,75,1
2025-07-19,Summer Sale,Mobile Ads,LinkedIn,60234,2177,1632.73,87,36952.50186992376,48.28,144,8
2025-07-19,Black Friday,Desktop Ads,Twitter,55869,3264,1426.74,612,64064.17609067326,65.75,572,8
2025-07-19,Product Launch,Social Media,LinkedIn,31373,1842,2819.06,412,170786.8497456988,39.57,247,7
2025-07-19,Spring Collection,Social Media,LinkedIn,80063,6058,3934.61,1408,375336.5689641604,71.21,113,6
2025-07-20,Retargeting,Shopping Ads,YouTube,6075,344,3493.34,93,23508.59034077687,42.3,478,8
2025-07-22,Brand Awareness,Video Ads,Twitter,72354,1811,1658.37,233,56095.88899688526,20.91,220,6
2025-07-23,Brand Awareness,Display Ads,Facebook,11886,361,3349.75,103,28751.95697615407,53.89,47,9
2025-07-23,Summer Sale,Search Ads,YouTube,3454,50,4972.36,13,6178.54573735843,64.24,106,4
2025-07-25,Holiday Special,Mobile Ads,Facebook,96040,7283,3150.96,699,207387.49673177127,25.2,294,7
2025-07-25,Product Launch,Mobile Ads,LinkedIn,21131,3034,3992.72,170,81418.08167713015,75.93,470,6
2025-07-27,Black Friday,Desktop Ads,Facebook,81650,2138,1286.37,291,38158.99260411813,71.12,242,5
2025-07-27,Brand Awareness,Search Ads,YouTube,86925,12384,424.52,1567,588974.4854738313,37.95,505,10
2025-07-28,Summer Sale,Email Campaign,YouTube,18543,2089,3738.64,369,153322.37538598248,62.48,213,10
2025-07-28,Summer Sale,Email Campaign,Twitter,78842,7825,4304.8,1402,498562.37968916434,52.12,346,8
2025-07-30,Retargeting,Mobile Ads,Facebook,16372,1642,1790.13,373,120521.9047360248,48.09,270,9
2025-07-31,Back to School,Display Ads,Instagram,23054,2898,3028.33,457,139003.74843037338,76.89,306,8
2025-08-02,Brand Awareness,Shopping Ads,Facebook,77449,1933,2560.06,78,34118.659938512224,68.5,46,6
2025-08-03,Product Launch,Display Ads,LinkedIn,81905,6606,614.99,1710,717757.0565180829,21.79,595,3
2025-08-09,Spring Collection,Display Ads,Instagram,85092,9155,4024.11,913,95892.32109704931,24.16,175,4
2025-08-10,Holiday Special,Desktop Ads,Google Ads,56668,5222,4456.18,1523,657729.5507461122,54.27,302,2
2025-08-15,Brand Awareness,Email Campaign,Twitter,97019,12281,3682.72,542,128091.33628152392,69.99,234,7
2025-08-16,Summer Sale,Mobile Ads,LinkedIn,23601,474,4521.08,136,22326.245995743622,73.26,483,4
2025-08-18,Product Launch,Social Media,Facebook,63507,6776,3418.76,246,108583.38047914159,62.03,237,8
2025-08-23,Black Friday,Desktop Ads,Twitter,36596,3102,1624.01,238,58169.856040773724,35.84,246,10
2025-08-23,Black Friday,Mobile Ads,Google Ads,5493,346,3759.66,8,3310.11288463654,49.03,463,7
2025-08-24,Brand Awareness,Mobile Ads,Twitter,68055,3922,864.91,841,141735.09694468937,42.74,224,6
2025-08-26,Spring Collection,Video Ads,Facebook,81807,7928,4473.49,2034,105296.50789775595,50.45,62,4
2025-08-27,Summer Sale,Search Ads,LinkedIn,26599,3583,122.11,486,132656.92548787393,70.99,264,10
2025-08-29,Black Friday,Email Campaign,Google Ads,79356,6305,4185.09,1760,167380.77926116434,75.98,192,4
2025-08-29,Product Launch,Shopping Ads,Twitter,68496,8593,3185.39,1556,606014.0440585418,21.04,571,7
2025-08-30,Retargeting,Desktop Ads,YouTube,96344,6387,1929.1,1230,214307.58781441863,40.93,499,7
2025-08-30,Back to School,Desktop Ads,Facebook,81811,1990,2537.33,507,126567.75427258367,59.37,164,10
2025-08-31,Holiday Special,Email Campaign,Twitter,58169,1082,3840.85,103,9184.00574199354,63.17,110,8
2025-08-31,Retargeting,Desktop Ads,YouTube,94547,1624,4034.57,183,32756.389109631255,27.0,519,8
2025-09-01,Spring Collection,Search Ads,Google Ads,37268,2356,695.98,642,257872.53127740146,72.88,101,1
2025-09-02,Product Launch,Desktop Ads,Facebook,9767,558,1621.9,151,17850.39861376261,48.48,456,9
2025-09-03,Product Launch,Shopping Ads,Google Ads,43965,4858,1465.21,1424,485899.84677015425,35.56,162,6
2025-09-03,Holiday Special,Shopping Ads,YouTube,80563,9183,1850.04,2493,1153864.1929687297,68.07,327,3
2025-09-04,Back to School,Email Campaign,Facebook,9068,155,3384.82,7,2491.485793236819,76.14,463,8
2025-09-04,Product Launch,Shopping Ads,LinkedIn,86716,3551,113.89,883,366409.4682402663,34.58,236,9
2025-09-04,Product Launch,Mobile Ads,Google Ads,30033,1453,4371.89,187,18519.962605924513,36.17,245,8
2025-09-04,Back to School,Display Ads,Twitter,71194,6170,3852.23,1834,298628.97599949554,60.57,541,3
2025-09-06,Back to School,Display Ads,Twitter,9179,277,1363.58,40,18101.699340330637,26.94,424,1
2025-09-08,Brand Awareness,Video Ads,Facebook,55120,1584,2417.76,270,100385.33205459783,60.34,590,6
2025-09-11,Spring Collection,Mobile Ads,LinkedIn,95754,13609,1201.08,2226,751941.0678821526,66.21,332,1
2025-09-11,Black Friday,Display Ads,YouTube,53781,6592,4232.07,680,237112.6212532402,33.18,323,8
2025-09-15,Back to School,Desktop Ads,Twitter,92575,3267,300.27,103,24348.195692020225,31.72,307,8
2025-09-16,Back to School,Shopping Ads,Twitter,77917,5214,2527.36,1406,98490.98082448918,74.47,503,2
2025-09-16,Retargeting,Social Media,Google Ads,23052,1378,1270.27,334,134601.5637732306,47.38,260,5
2025-09-17,Summer Sale,Video Ads,LinkedIn,3257,393,1452.65,19,6752.998169641276,48.35,264,10
2025-09-17,Black Friday,Desktop Ads,YouTube,69344,5646,2926.92,1328,348947.94775376434,63.5,516,6
2025-09-19,Summer Sale,Email Campaign,Facebook,3169,88,1720.79,16,7278.269230651454,76.87,574,8
2025-09-19,Holiday Special,Social Media,YouTube,79682,9040,2681.72,1163,234079.1606699515,29.82,446,10
2025-09-24,Black Friday,Social Media,YouTube,38383,2516,3762.64,210,38313.40482985179,70.2,452,9
2025-09-25,Holiday Special,Video Ads,Twitter,41992,1965,1014.13,509,225363.99825944638,51.3,511,2
2025-09-25,Summer Sale,Social Media,Google Ads,54117,3386,4834.41,721,294632.64458655287,72.37,354,10
2025-09-25,Black Friday,Shopping Ads,Facebook,46671,3719,1804.17,627,176651.55357443047,38.58,521,7
2025-09-27,Holiday Special,Shopping Ads,YouTube,11207,650,1395.34,121,13168.50656347993,55.14,240,1
2025-09-29,Product Launch,Video Ads,Facebook,34840,1528,351.46,55,8073.018918760049,65.84,41,8
2025-09-29,Black Friday,Email Campaign,Twitter,16592,1091,1881.62,160,55248.41530943407,38.9,406,2
2025-09-29,Retargeting,Display Ads,Twitter,29669,376,4293.1,24,5358.445368676446,57.4,144,9
2025-09-30,Holiday Special,Desktop Ads,Google Ads,95289,11258,682.48,792,337719.0455097521,30.53,82,10
2025-10-01,Holiday Special,Video Ads,Twitter,83302,2826,1430.74,570,272163.4598937104,69.84,258,10
2025-10-01,Brand Awareness,Video Ads,Facebook,45363,732,3482.01,200,82507.32327474265,57.32,531,10
2025-10-01,Black Friday,Shopping Ads,YouTube,92703,9411,1852.36,1196,262994.9466562089,30.63,40,9
2025-10-02,Retargeting,Social Media,LinkedIn,18622,2203,4174.36,154,62355.969545737695,42.22,454,3
2025-10-02,Retargeting,Desktop Ads,YouTube,45179,5599,2700.07,1109,230836.96714554456,43.42,195,1
2025-10-03,Retargeting,Social Media,LinkedIn,63068,4988,1115.26,1310,164005.50173784117,33.96,277,9
2025-10-04,Holiday Special,Search Ads,LinkedIn,43604,1689,2828.22,383,24905.318858630522,40.18,119,2
2025-10-07,Spring Collection,Social Media,Facebook,22386,2534,3115.23,663,148228.58125225033,35.68,70,10
2025-10-08,Back to School,Desktop Ads,Google Ads,14947,1613,2804.46,267,121912.65033922842,50.23,31,5
2025-10-09,Summer Sale,Desktop Ads,Instagram,53428,2376,1256.82,541,85231.28478911944,79.89,337,3
2025-10-09,Retargeting,Desktop Ads,Facebook,89668,12237,2454.8,619,88474.24209119134,73.52,31,9
2025-10-09,Product Launch,Email Campaign,YouTube,95826,2358,1676.36,261,126955.45122656018,65.62,443,5
2025-10-10,Product Launch,Video Ads,Instagram,24377,3597,823.6,442,27073.31804598277,44.68,103,9
2025-10-13,Retargeting,Shopping Ads,Twitter,8069,1052,3807.48,166,66997.92663441345,55.41,152,5
2025-10-14,Holiday Special,Shopping Ads,LinkedIn,8006,851,568.15,237,46124.10577976382,74.7,54,8
2025-10-14,Retargeting,Email Campaign,LinkedIn,28606,4045,104.84,1066,71282.97291037558,22.28,265,9
2025-10-15,Back to School,Search Ads,Twitter,20337,2259,1980.0,110,50931.225740374386,53.86,514,9
2025-10-16,Black Friday,Search Ads,Facebook,89296,3273,954.23,196,22116.453524485274,25.68,446,9
2025-10-17,Product Launch,Video Ads,LinkedIn,32921,2367,3101.32,269,80242.88229499543,26.38,54,3
2025-10-17,Retargeting,Display Ads,LinkedIn,97063,1942,54.6,183,31718.36398182326,35.29,274,2
2025-10-17,Retargeting,Mobile Ads,LinkedIn,42869,2767,1513.54,520,41255.1157112177,26.37,460,8
2025-10-18,Black Friday,Email Campaign,YouTube,99934,11374,4146.12,3091,223989.68143347715,51.68,495,6
2025-10-18,Summer Sale,Display Ads,LinkedIn,85050,5451,811.9,1575,160650.81030025514,50.87,282,10
2025-10-19,Summer Sale,Mobile Ads,Instagram,47607,2677,947.07,534,43849.493437618024,75.27,495,9
2025-10-20,Spring Collection,Email Campaign,Facebook,29220,2727,3282.1,690,270653.29486893606,64.71,426,3
2025-10-20,Brand Awareness,Social Media,LinkedIn,23440,3096,1629.66,502,134789.40509582663,72.67,175,5
2025-10-20,Spring Collection,Email Campaign,Google Ads,2307,38,1652.91,2,408.6028822140817,44.38,236,9
2025-10-20,Black Friday,Email Campaign,Instagram,8597,549,1517.14,89,21205.674850786887,66.03,368,4
2025-10-20,Holiday Special,Search Ads,Instagram,94418,3035,1697.27,518,242437.4840619785,41.38,237,6
2025-10-21,Brand Awareness,Desktop Ads,Twitter,24091,2586,3586.35,582,267625.89975612075,75.07,30,4
2025-10-21,Brand Awareness,Mobile Ads,Twitter,69670,1727,1557.78,127,47250.91083900527,78.49,116,4
2025-10-23,Retargeting,Mobile Ads,Twitter,87661,9035,3873.96,1055,472752.95868094626,23.05,414,7
2025-10-24,Retargeting,Email Campaign,YouTube,56621,2834,1327.61,327,63386.20725951899,26.08,180,5
2025-10-24,Summer Sale,Mobile Ads,Facebook,56220,2127,4625.22,613,135779.0075793848,30.45,252,9
2025-10-25,Black Friday,Video Ads,Twitter,3224,454,2374.12,62,20222.569873732962,55.58,55,1
2025-10-25,Holiday Special,Shopping Ads,Instagram,63491,799,1049.12,182,60174.96508364593,70.15,309,10
2025-10-25,Black Friday,Video Ads,Facebook,17977,1281,1348.6,291,77628.59378771603,22.16,496,4
2025-10-25,Brand Awareness,Display Ads,YouTube,11449,149,2970.24,12,2763.5523815649476,47.72,488,8
2025-10-26,Holiday Special,Mobile Ads,Google Ads,57622,4477,1625.61,787,388605.7573562194,57.67,446,10
2025-10-29,Brand Awareness,Video Ads,Google Ads,31873,2554,4028.59,687,288200.36901429447,58.16,141,4
2025-10-31,Black Friday,Desktop Ads,Twitter,82532,4541,3915.55,671,164892.27075229524,51.02,88,7
2025-10-31,Holiday Special,Shopping Ads,Twitter,68628,1956,3013.05,555,209391.29619058222,63.15,115,5
2025-11-02,Retargeting,Mobile Ads,YouTube,90900,5698,3115.75,411,70405.43516704238,78.76,416,5
2025-11-02,Summer Sale,Email Campaign,Twitter,79931,8322,2349.84,262,24909.963563381192,36.76,356,1
2025-11-02,Holiday Special,Video Ads,Twitter,66101,7901,927.77,2121,442427.7923388133,24.21,536,8
2025-11-03,Black Friday,Display Ads,LinkedIn,80674,6801,4145.41,1739,402296.36473656213,52.96,367,6
2025-11-05,Spring Collection,Display Ads,Facebook,79002,7313,2938.84,2178,125108.03578191345,58.92,501,9
2025-11-05,Product Launch,Desktop Ads,Instagram,40129,1528,101.94,316,131663.42263262442,24.34,46,8
2025-11-06,Black Friday,Social Media,Google Ads,96690,4856,3010.15,1367,289307.82147970505,29.58,96,7
2025-11-06,Brand Awareness,Video Ads,LinkedIn,29001,947,799.29,236,73440.40920585163,49.44,134,7
2025-11-06,Brand Awareness,Display Ads,Twitter,78227,3512,1503.0,895,74538.67367337752,40.78,97,10
2025-11-07,Spring Collection,Video Ads,Instagram,70569,2927,2615.47,512,65919.26934413455,51.46,508,9
2025-11-11,Black Friday,Email Campaign,Twitter,16848,1393,886.86,168,75660.84563476354,63.76,58,3
2025-11-12,Retargeting,Social Media,LinkedIn,70785,6284,4645.5,1765,571700.0690209145,52.13,412,10
2025-11-12,Spring Collection,Search Ads,YouTube,3384,481,3242.27,65,31045.808467486706,37.23,325,3
2025-11-12,Back to School,Desktop Ads,Facebook,33792,1263,4030.27,209,104382.44073450337,59.99,485,4
2025-11-12,Holiday Special,Search Ads,LinkedIn,71028,7091,4688.69,988,214729.00727709374,49.21,258,7
2025-11-14,Holiday Special,Desktop Ads,Facebook,25995,3234,4844.94,562,103667.29490666014,70.47,441,5
2025-11-14,Summer Sale,Social Media,Twitter,35624,3150,705.4,461,201115.96364275462,40.18,557,8
2025-11-14,Retargeting,Display Ads,Twitter,27512,1257,1170.06,30,14981.254265005631,31.37,163,2
2025-11-15,Holiday Special,Search Ads,Twitter,40121,1875,4166.13,498,166002.60059149368,64.22,122,10
2025-11-15,Brand Awareness,Desktop Ads,Facebook,52919,820,2787.9,113,46082.905739710906,55.93,365,10
2025-11-16,Holiday Special,Display Ads,LinkedIn,63154,3332,4195.78,602,241874.95315305787,64.86,133,2
2025-11-17,Summer Sale,Mobile Ads,Twitter,85866,9809,3878.24,494,103692.01713720529,61.9,460,1
2025-11-18,Holiday Special,Search Ads,Instagram,92668,1543,542.76,16,4934.746737851028,56.45,590,5
2025-11-19,Holiday Special,Email Campaign,Instagram,86896,3536,2398.45,286,121514.4283407043,59.68,560,5
2025-11-20,Holiday Special,Display Ads,Facebook,33441,3640,4978.41,780,280527.9705676305,20.28,503,8
2025-11-21,Brand Awareness,Display Ads,Twitter,72854,8711,1742.14,337,20059.4923903761,78.4,531,4
2025-11-21,Black Friday,Video Ads,YouTube,59557,4392,4493.83,1201,242022.57875567197,72.45,289,2
2025-11-22,Product Launch,Desktop Ads,YouTube,25306,2726,502.3,197,22657.770503111766,72.45,341,1
2025-11-22,Product Launch,Search Ads,Google Ads,69899,4495,1320.88,311,48154.46108032158,23.27,556,2
2025-11-23,Back to School,Display Ads,YouTube,82029,2656,3664.7,166,75940.06396860203,58.03,293,8
2025-11-25,Spring Collection,Video Ads,Facebook,55336,3637,2648.25,51,3396.7009805021294,62.55,469,3
2025-11-27,Summer Sale,Video Ads,Twitter,98102,8946,2104.05,2091,311371.47992057214,50.64,531,7
2025-11-28,Brand Awareness,Email Campaign,Facebook,15122,2158,319.61,569,107715.23264059916,45.22,458,4
2025-11-28,Black Friday,Display Ads,LinkedIn,28810,565,2470.73,106,34725.37023279703,41.91,199,3
2025-11-29,Summer Sale,Search Ads,Google Ads,21132,1712,282.52,110,31938.03365925034,20.17,513,10
2025-11-29,Product Launch,Video Ads,Google Ads,36634,2053,132.94,190,28162.04078396451,61.11,416,5
2025-11-29,Brand Awareness,Email Campaign,Facebook,18154,1473,2759.98,218,27012.048694591453,24.8,229,7
2025-11-30,Black Friday,Desktop Ads,LinkedIn,54909,733,3990.24,210,32877.414269333225,38.18,598,1
2025-11-30,Spring Collection,Search Ads,LinkedIn,30689,1651,2019.53,134,37002.53649010984,71.47,360,5
2025-12-01,Summer Sale,Social Media,Instagram,94812,11830,1913.82,2628,452094.8493820692,37.23,186,1
2025-12-02,Summer Sale,Display Ads,Google Ads,59643,5221,4528.59,717,341593.9471437316,38.67,146,5
2025-12-03,Back to School,Email Campaign,Google Ads,36292,2652,4958.9,255,65978.53415896026,58.13,189,5
2025-12-04,Brand Awareness,Display Ads,Instagram,89607,4477,2521.55,636,48627.41993507513,49.14,220,3
2025-12-04,Summer Sale,Desktop Ads,LinkedIn,19793,1023,1072.58,31,11723.266361421036,26.44,546,6
2025-12-06,Holiday Special,Email Campaign,Google Ads,60500,3849,4949.29,929,183923.7727357681,45.74,591,1
2025-12-09,Product Launch,Mobile Ads,Facebook,70119,8903,457.91,717,246698.20392859358,61.75,216,4
2025-12-10,Holiday Special,Mobile Ads,Facebook,68534,9965,2299.3,2195,385919.3394843224,61.78,255,5
2025-12-10,Summer Sale,Desktop Ads,Twitter,4760,339,2803.82,10,3068.3468377999397,43.32,587,5
2025-12-11,Summer Sale,Social Media,YouTube,41603,2707,4736.44,776,308435.6546787667,40.38,139,3
2025-12-14,Retargeting,Desktop Ads,Twitter,97762,12564,954.62,828,387176.0571851988,55.04,537,1
2025-12-18,Product Launch,Shopping Ads,YouTube,25087,1750,159.98,465,77890.85497262138,55.45,151,9
2025-12-20,Brand Awareness,Video Ads,Facebook,28716,2506,2547.86,613,123020.28993306895,28.99,422,9
2025-12-20,Product Launch,Search Ads,YouTube,8851,374,927.1,108,27963.348025896667,74.36,578,4
2025-12-24,Back to School,Display Ads,Google Ads,57746,6588,4069.78,978,456949.6460876087,78.08,294,5
2025-12-25,Spring Collection,Social Media,LinkedIn,43946,3712,1401.55,820,373611.75016313244,70.91,144,3
2025-12-26,Brand Awareness,Desktop Ads,Twitter,87795,10822,3928.33,1271,114955.88230355992,38.66,52,8
2025-12-27,Product Launch,Email Campaign,Google Ads,82442,9835,4462.03,624,68245.89507167008,31.28,278,5
2025-12-27,Summer Sale,Display Ads,Twitter,51500,2065,74.88,285,77799.05199265435,77.3,515,5
2025-12-27,Black Friday,Mobile Ads,LinkedIn,23005,2534,1129.96,147,14402.864896078763,26.74,438,5
2025-12-28,Retargeting,Display Ads,LinkedIn,41197,5026,1839.63,1481,304362.3730432394,64.89,493,5
2025-12-29,Product Launch,Shopping Ads,Twitter,30320,1772,757.66,67,7823.819153256952,68.13,80,9
2025-12-29,Product Launch,Social Media,Google Ads,3100,105,342.57,18,6051.926876568275,24.58,124,4
2025-12-30,Black Friday,Mobile Ads,Twitter,98136,1017,4924.99,194,92590.95119082883,69.51,210,6
2025-12-30,Summer Sale,Email Campaign,Instagram,49438,3615,1942.15,600,299118.117979483,51.14,501,8
2026-01-01,Summer Sale,Search Ads,YouTube,51081,3031,3178.5,612,133941.40788965035,24.28,422,5
2026-01-01,Retargeting,Shopping Ads,Google Ads,32312,2833,3985.54,123,39305.349464293795,71.51,440,7
2026-01-02,Retargeting,Display Ads,LinkedIn,62240,2260,1892.0,386,168033.6914171329,33.29,278,8
2026-01-03,Spring Collection,Shopping Ads,Google Ads,55238,7200,1308.59,671,69017.67288086815,24.18,89,10
2026-01-03,Brand Awareness,Shopping Ads,Facebook,13605,626,822.38,176,63413.501355315624,57.34,521,7
2026-01-04,Retargeting,Display Ads,Google Ads,13828,576,4943.27,133,31119.293154245333,50.35,328,8
2026-01-04,Brand Awareness,Desktop Ads,YouTube,29064,2246,3647.85,655,93511.58074257837,58.36,510,9
2026-01-05,Spring Collection,Search Ads,Instagram,86140,6877,4591.84,143,33067.19536639789,34.92,295,8
2026-01-05,Brand Awareness,Social Media,LinkedIn,88178,3536,4563.04,327,27527.556226887515,73.2,307,8
2026-01-05,Black Friday,Video Ads,Twitter,94533,4543,3498.64,302,109605.83149328666,72.08,91,3
2026-01-08,Black Friday,Email Campaign,YouTube,86371,2915,1154.16,38,6221.899635598547,67.84,193,3
2026-01-08,Back to School,Video Ads,Facebook,58505,6469,1011.11,519,98678.78840023126,34.18,468,10
2026-01-09,Spring Collection,Display Ads,Instagram,86132,10147,778.77,2098,219212.85366976497,26.21,515,7
2026-01-10,Retargeting,Display Ads,Twitter,90833,6787,3517.14,522,229208.42585273556,43.17,337,10
2026-01-12,Summer Sale,Desktop Ads,Google Ads,95611,10514,4484.63,1657,450786.7268471741,35.14,158,2
2026-01-14,Brand Awareness,Display Ads,LinkedIn,53893,6091,1426.59,1629,500862.26876132074,23.95,109,6
2026-01-14,Holiday Special,Search Ads,Facebook,56690,1664,4043.45,351,107491.89229483229,55.48,517,4
2026-01-17,Holiday Special,Video Ads,Facebook,13109,1904,2368.23,236,55394.36876429049,50.53,67,8
2026-01-18,Holiday Special,Desktop Ads,Instagram,17288,2160,1506.62,254,34706.16933457934,52.5,576,7
2026-01-18,Summer Sale,Video Ads,Google Ads,93541,3613,2850.16,513,197663.89499085562,22.98,314,7
2026-01-19,Holiday Special,Video Ads,LinkedIn,26879,969,3277.86,59,6323.343845246253,21.06,200,3
2026-01-19,Product Launch,Search Ads,Google Ads,75763,2090,600.48,405,39180.998278313215,68.09,411,1
2026-01-20,Holiday Special,Mobile Ads,Instagram,34487,1012,4788.12,116,42869.57096253747,72.47,250,4
2026-01-20,Spring Collection,Display Ads,LinkedIn,24782,2843,4656.68,731,105246.93787768009,34.04,47,6
2026-01-21,Summer Sale,Social Media,Twitter,46242,3502,1652.47,803,151002.33370134595,52.78,167,6
2026-01-21,Spring Collection,Display Ads,Google Ads,63493,7594,3467.51,1420,374670.351414112,31.4,49,10
2026-01-23,Product Launch,Shopping Ads,YouTube,46968,5376,2542.56,621,156621.2254600717,71.03,156,3
2026-01-23,Back to School,Search Ads,YouTube,75218,7119,686.55,504,185905.7455647418,53.25,598,4
2026-01-27,Summer Sale,Desktop Ads,YouTube,69703,7394,784.38,1738,574486.0056520526,65.3,397,6
2026-01-28,Product Launch,Shopping Ads,Instagram,63320,795,1476.85,120,40797.39276322075,50.68,51,3
2026-01-28,Back to School,Mobile Ads,YouTube,54384,2917,1016.23,219,81320.05428609531,29.54,139,4
2026-01-30,Back to School,Shopping Ads,LinkedIn,53389,5301,1258.6,353,64131.53175121747,61.63,65,5
2026-01-31,Summer Sale,Shopping Ads,LinkedIn,32897,372,3408.04,21,4096.049796514476,58.91,264,9
2026-01-31,Back to School,Display Ads,Google Ads,80623,1178,2642.13,277,68446.41927518082,71.03,231,10
2026-02-02,Brand Awareness,Email Campaign,Instagram,67652,8744,4324.23,668,125823.12921387792,74.3,103,6
2026-02-02,Summer Sale,Display Ads,Twitter,80239,8486,483.58,1380,680646.4166309062,69.12,465,3
2026-02-02,Product Launch,Search Ads,LinkedIn,92170,4345,3599.75,612,254789.90053646173,74.96,599,8
2026-02-02,Product Launch,Display Ads,LinkedIn,83279,8853,1359.35,1576,195573.10491117617,69.54,336,8
2026-02-05,Summer Sale,Social Media,LinkedIn,6410,775,3921.15,204,10713.543509955622,67.06,562,6
2026-02-05,Holiday Special,Display Ads,Facebook,39392,2085,4441.24,545,37742.59653764244,21.55,541,5
2026-02-07,Holiday Special,Shopping Ads,Facebook,56103,844,1043.82,118,18859.769250379333,42.93,293,3
2026-02-07,Retargeting,Video Ads,LinkedIn,69336,9747,1268.91,140,14200.351007721962,55.2,340,9
2026-02-08,Black Friday,Display Ads,Instagram,23746,1384,3095.51,184,53360.39591310497,40.46,234,9
2026-02-09,Product Launch,Email Campaign,Google Ads,55312,1377,4743.85,255,111204.9518079644,58.21,416,10
2026-02-10,Brand Awareness,Mobile Ads,LinkedIn,71910,5670,1600.16,973,371236.08422685665,59.89,41,7
2026-02-11,Back to School,Shopping Ads,Twitter,44355,5215,1128.65,1037,152463.96928730415,46.58,595,8
2026-02-12,Brand Awareness,Shopping Ads,Facebook,94718,3886,1447.2,212,48693.14902485997,51.06,51,3
2026-02-14,Back to School,Mobile Ads,Google Ads,19971,953,2254.66,188,52367.850126346086,58.56,493,6
2026-02-14,Brand Awareness,Shopping Ads,Twitter,6845,301,3348.03,18,7462.667380977017,66.7,569,7
2026-02-14,Summer Sale,Mobile Ads,Instagram,14283,2125,511.69,483,206533.08043512492,67.94,70,10
2026-02-14,Brand Awareness,Email Campaign,Google Ads,12240,460,3018.16,49,22509.28877756646,38.92,109,2
2026-02-15,Holiday Special,Email Campaign,LinkedIn,52875,4789,2121.98,1033,288372.65469626145,31.67,207,8
2026-02-17,Holiday Special,Search Ads,Twitter,72442,10108,2852.05,241,87344.09625096933,74.54,371,2
2026-02-18,Back to School,Shopping Ads,Twitter,48591,1485,4120.58,190,19058.931740501626,30.01,462,5
2026-02-18,Product Launch,Video Ads,YouTube,18569,2709,2824.87,580,176540.41854798933,54.98,446,3
2026-02-21,Summer Sale,Mobile Ads,YouTube,70624,10074,1116.73,763,123538.33278191426,77.87,77,5
2026-02-21,Retargeting,Social Media,YouTube,87156,11664,4973.69,2806,685428.9107231018,50.52,217,9
2026-02-22,Brand Awareness,Search Ads,Google Ads,42316,1694,249.43,326,109315.20956859573,35.78,48,7
2026-02-23,Retargeting,Shopping Ads,Twitter,29398,2903,4194.45,523,86631.64047388738,55.89,308,4
2026-02-25,Holiday Special,Mobile Ads,LinkedIn,71721,8357,721.66,940,69074.27944802993,38.59,473,9
2026-02-25,Product Launch,Display Ads,LinkedIn,47169,6983,696.0,1046,57117.07621160216,20.65,292,10
2026-02-28,Brand Awareness,Video Ads,Instagram,90571,3193,4708.19,585,35083.4977320953,20.59,274,5
2026-03-01,Summer Sale,Email Campaign,Twitter,64671,7582,2672.08,1114,59885.72341565273,50.49,393,6
2026-03-02,Summer Sale,Mobile Ads,Facebook,86436,4964,2338.84,1054,105041.40332540034,57.93,151,4
2026-03-02,Retargeting,Shopping Ads,Google Ads,72274,2499,1830.98,339,53484.00340767331,59.24,325,5
2026-03-02,Black Friday,Email Campaign,Instagram,13991,965,3091.7,66,9870.278971214286,79.99,481,5
2026-03-03,Retargeting,Video Ads,Facebook,59954,7262,4957.7,523,258392.5784402387,67.4,193,9
2026-03-05,Retargeting,Display Ads,Google Ads,63522,4769,2074.97,55,10323.651103921346,22.59,531,6
2026-03-05,Holiday Special,Video Ads,Twitter,64315,5483,622.72,533,57211.874888751874,64.09,200,6
2026-03-06,Spring Collection,Shopping Ads,Instagram,69648,10400,2132.77,2362,697978.42819591,72.99,481,4
2026-03-06,Holiday Special,Video Ads,YouTube,84276,5551,1693.94,1333,581295.7796201954,76.8,151,2
2026-03-06,Product Launch,Social Media,Google Ads,55131,5301,2919.11,364,129266.28971782119,35.96,288,5
2026-03-08,Black Friday,Video Ads,LinkedIn,64227,3926,3936.16,1131,207240.97926548743,55.99,405,8
2026-03-08,Back to School,Shopping Ads,Facebook,21219,1379,4722.45,214,64783.63618791711,48.94,98,5
2026-03-08,Brand Awareness,Shopping Ads,Twitter,27672,2971,4687.79,819,304410.1692915608,33.69,492,6
2026-03-08,Holiday Special,Mobile Ads,LinkedIn,45199,6386,2585.89,1372,518131.71358784416,52.82,480,2
2026-03-10,Brand Awareness,Display Ads,LinkedIn,53887,4630,375.77,1016,355541.38176210335,79.89,449,7
2026-03-11,Summer Sale,Social Media,Instagram,9556,1123,3207.61,38,16790.858263663067,43.28,85,6
2026-03-12,Holiday Special,Video Ads,Instagram,23736,533,2813.84,39,17220.350793939033,25.93,532,8
2026-03-12,Product Launch,Video Ads,Google Ads,29454,1165,3396.72,14,4347.300324264121,32.04,73,7
2026-03-14,Holiday Special,Display Ads,Instagram,56835,4563,3736.45,993,241731.31853734519,29.51,523,3
2026-03-15,Back to School,Search Ads,Facebook,3261,41,506.23,4,1354.8265320171797,32.5,152,10
2026-03-16,Summer Sale,Mobile Ads,Facebook,16223,736,4679.1,175,73184.19510792397,59.87,471,1
2026-03-17,Spring Collection,Video Ads,Instagram,35610,2935,89.89,317,16656.272755595,64.23,226,8
2026-03-21,Spring Collection,Video Ads,YouTube,54410,658,4625.06,162,80416.58195718264,52.64,394,7
2026-03-23,Product Launch,Social Media,Instagram,33174,1560,2228.29,74,9790.362618562334,54.89,351,8
2026-03-25,Summer Sale,Social Media,Twitter,68468,5611,3588.75,338,88424.87071888239,46.31,321,1
2026-03-25,Spring Collection,Email Campaign,Instagram,82051,7404,3019.84,805,356142.77144682844,29.87,396,6
2026-03-26,Holiday Special,Desktop Ads,Google Ads,77118,10766,2200.09,1383,209203.89234515745,24.37,96,6
2026-03-26,Retargeting,Mobile Ads,Twitter,48093,4826,4558.47,536,141803.00800477245,78.36,467,8
2026-03-26,Spring Collection,Video Ads,Google Ads,19951,1357,4718.16,314,34433.862059600615,33.63,322,5
2026-03-26,Brand Awareness,Social Media,Facebook,59929,8404,1740.06,320,72890.99085589974,28.93,412,2
2026-03-28,Black Friday,Desktop Ads,LinkedIn,41510,4976,117.49,556,72119.29078920923,56.2,579,4
2026-03-29,Back to School,Search Ads,Facebook,12002,456,1093.37,115,24567.735998907374,53.94,463,10
2026-03-29,Summer Sale,Desktop Ads,YouTube,83909,2376,523.86,69,15046.063931414019,56.46,593,6
2026-03-30,Black Friday,Email Campaign,Twitter,77708,8129,3919.0,2302,1143925.620944913,63.14,66,4
2026-03-30,Holiday Special,Video Ads,Google Ads,25322,2238,288.06,662,329454.80142959376,43.42,310,2
2026-04-01,Retargeting,Video Ads,Facebook,37575,4529,198.61,161,16366.26588896137,55.13,469,7
2026-04-01,Spring Collection,Search Ads,Instagram,87710,9949,4255.19,939,353708.1077051931,26.31,444,9
2026-04-02,Spring Collection,Email Campaign,Facebook,67634,6596,2397.11,778,57016.09243215232,76.11,167,9
2026-04-03,Back to School,Search Ads,YouTube,85703,12692,946.8,2984,189741.83819477688,36.83,369,10
2026-04-03,Retargeting,Video Ads,LinkedIn,19601,1660,4363.01,303,29512.276480300887,21.35,589,9
2026-04-04,Black Friday,Search Ads,LinkedIn,93446,2414,4126.85,475,230122.5591854459,45.57,485,1
2026-04-05,Back to School,Shopping Ads,LinkedIn,86992,10957,4133.03,2516,1191045.7089263764,41.16,567,9
2026-04-06,Product Launch,Social Media,Facebook,35542,1608,4190.67,71,9745.993857967738,37.21,149,6
2026-04-07,Brand Awareness,Email Campaign,Facebook,26518,3150,505.89,792,97220.02039134278,38.76,136,9
2026-04-08,Retargeting,Desktop Ads,Facebook,76451,11008,1305.38,2362,373764.74345780007,64.18,225,8
2026-04-08,Back to School,Display Ads,YouTube,44309,4765,3874.72,845,238286.7444970728,49.97,294,9
2026-04-08,Spring Collection,Mobile Ads,LinkedIn,59342,5545,2347.13,1486,455261.48744207865,20.23,295,9
2026-04-09,Retargeting,Display Ads,YouTube,47092,3506,4710.81,747,111838.63164222022,26.43,468,3
2026-04-09,Brand Awareness,Search Ads,YouTube,15376,938,263.11,64,24990.73629699042,25.45,126,9
2026-04-10,Spring Collection,Display Ads,LinkedIn,23031,1368,2746.62,184,34831.00242653948,70.25,410,2
2026-04-11,Product Launch,Email Campaign,Twitter,49454,4900,1039.21,751,349184.28146266425,62.19,519,3
2026-04-12,Product Launch,Email Campaign,Facebook,59585,6862,1609.3,178,61503.48878718413,38.76,154,10
2026-04-13,Holiday Special,Shopping Ads,YouTube,12944,1359,483.87,389,95833.27656284723,35.28,218,9
2026-04-14,Back to School,Email Campaign,Twitter,99538,3760,2856.12,177,71766.49093563163,25.59,130,2
2026-04-15,Holiday Special,Display Ads,Instagram,75964,6013,996.1,1276,533446.5782759949,64.62,486,7
2026-04-16,Back to School,Display Ads,YouTube,45757,5528,901.83,866,156500.68170580536,60.34,261,5
2026-04-16,Spring Collection,Email Campaign,Facebook,80285,6149,4588.86,107,21707.25528570746,20.1,413,7
2026-04-17,Product Launch,Video Ads,Twitter,10764,916,2158.39,254,119679.67407117937,68.45,298,2
2026-04-18,Black Friday,Video Ads,LinkedIn,72853,8593,3038.8,2208,274086.695717747,26.37,488,10
2026-04-18,Retargeting,Search Ads,Instagram,60156,6170,1061.02,999,68898.71994568707,33.82,205,3
2026-04-19,Back to School,Social Media,Facebook,1193,80,2083.74,6,1525.9493710457828,67.78,552,7
2026-04-20,Product Launch,Display Ads,Facebook,95840,12972,4183.58,587,240989.59514935457,41.77,395,1
2026-04-21,Brand Awareness,Email Campaign,YouTube,90963,2979,626.47,343,136256.97220906362,44.82,531,3
2026-04-22,Spring Collection,Search Ads,Facebook,7155,1068,386.47,89,41277.20168795894,23.5,241,1
2026-04-28,Spring Collection,Email Campaign,LinkedIn,55575,1480,4680.12,232,67266.1493601278,24.54,532,6
2026-04-30,Back to School,Search Ads,Twitter,2401,29,2771.83,8,760.2328176395199,24.7,530,7
2026-05-01,Spring Collection,Search Ads,Facebook,28734,3867,654.45,683,215083.55626217453,33.6,397,10
2026-05-01,Spring Collection,Shopping Ads,Instagram,92218,4084,4018.34,1094,437904.16094608605,38.34,195,9
2026-05-03,Black Friday,Mobile Ads,Instagram,31386,3520,454.25,699,64306.36023087389,55.24,507,5
2026-05-03,Retargeting,Display Ads,Facebook,59653,7369,1634.14,1089,139060.75940787388,25.92,284,1
2026-05-04,Black Friday,Display Ads,LinkedIn,34154,4448,4151.02,1146,63638.293957979484,33.23,116,6
2026-05-06,Retargeting,Social Media,Google Ads,7581,1128,4704.09,165,52328.70402392567,23.22,490,3
2026-05-06,Brand Awareness,Shopping Ads,Twitter,23010,1177,3879.09,308,138301.38672370234,23.75,54,1
2026-05-07,Summer Sale,Search Ads,Twitter,90388,9891,1629.27,935,328931.5902078834,24.95,574,10
2026-05-07,Black Friday,Search Ads,Google Ads,87716,2294,4947.69,108,53127.148256921726,57.07,97,3
2026-05-10,Brand Awareness,Email Campaign,Google Ads,2589,173,4369.64,44,3448.0663194952795,24.51,105,7
2026-05-10,Retargeting,Desktop Ads,Google Ads,62516,8046,274.21,1451,662164.5585496695,73.53,297,4
2026-05-10,Spring Collection,Mobile Ads,LinkedIn,64278,3951,3770.8,1058,440477.91162479867,20.63,236,5
2026-05-12,Brand Awareness,Video Ads,Twitter,30165,2797,1401.1,788,150830.04316912446,20.61,321,8
2026-05-13,Holiday Special,Social Media,LinkedIn,89503,7207,3669.23,184,89807.99849212445,46.26,501,8
2026-05-13,Spring Collection,Social Media,Facebook,38418,3858,428.38,599,107563.62001960493,62.82,52,10
2026-05-16,Spring Collection,Desktop Ads,Twitter,81098,11856,2298.68,1407,633413.2858918365,24.4,340,5
2026-05-16,Brand Awareness,Shopping Ads,Google Ads,2381,42,4878.59,8,3570.694877467082,39.39,170,9
2026-05-16,Retargeting,Email Campaign,YouTube,81018,7320,4461.44,1757,686891.9945671401,22.99,581,6
2026-05-18,Back to School,Mobile Ads,LinkedIn,52168,6824,4281.29,623,189118.94733343303,44.27,497,6
2026-05-18,Black Friday,Video Ads,Google Ads,71902,5564,3644.25,954,99217.18041053004,71.26,233,2
2026-05-20,Black Friday,Display Ads,YouTube,57044,1197,764.33,257,74372.53109452003,30.85,367,1
2026-05-21,Product Launch,Social Media,Twitter,52098,4609,1574.04,225,47375.620885062126,46.03,514,3
2026-05-21,Spring Collection,Social Media,Google Ads,51139,2888,2737.96,710,288613.3420931349,45.29,568,10
2026-05-21,Product Launch,Video Ads,Twitter,85526,2710,356.33,503,196752.54589056084,48.97,598,8
2026-05-21,Brand Awareness,Desktop Ads,LinkedIn,57526,7413,3939.77,2115,972425.4538918771,31.43,168,10
2026-05-21,Black Friday,Video Ads,Twitter,7716,640,4483.7,69,3910.476543504529,27.54,591,4
2026-05-22,Retargeting,Email Campaign,Facebook,74016,10410,2285.25,430,178061.4724552594,73.65,432,1
2026-05-25,Summer Sale,Search Ads,LinkedIn,61614,7568,1620.66,1187,560629.5056765418,26.8,221,1
2026-05-25,Brand Awareness,Search Ads,Twitter,60675,6493,4615.72,226,91571.85567429887,62.13,98,8
2026-05-26,Retargeting,Desktop Ads,YouTube,78064,835,1525.47,243,26386.764186824603,27.47,589,10
2026-05-27,Product Launch,Email Campaign,LinkedIn,15973,1116,456.02,23,1991.238735103188,46.28,406,8
2026-05-28,Black Friday,Social Media,Facebook,68580,2581,4710.59,589,34975.030811031094,35.41,365,10
2026-05-28,Brand Awareness,Search Ads,YouTube,47840,6578,56.66,1067,355242.0201813483,56.6,291,7
2026-05-29,Retargeting,Mobile Ads,Twitter,58134,2002,872.07,234,78004.53024084614,44.11,479,2
2026-05-30,Retargeting,Social Media,Facebook,18438,922,1472.27,26,12846.890456353085,56.33,38,8
2026-05-30,Retargeting,Search Ads,Twitter,11293,930,3992.6,177,40554.13881739123,38.58,579,4
2026-06-01,Black Friday,Video Ads,Twitter,19020,891,1373.71,160,31897.252512619765,42.07,220,1
2026-06-01,Holiday Special,Search Ads,Google Ads,27943,1100,733.18,100,33099.12172329766,39.98,252,9
2026-06-01,Retargeting,Email Campaign,Instagram,1358,127,1305.24,34,14331.812689366187,22.61,509,2
2026-06-02,Back to School,Video Ads,Twitter,18514,415,3892.64,40,18861.931091414033,36.99,497,6
2026-06-02,Back to School,Display Ads,Google Ads,55189,1001,3868.98,140,57596.82246927943,37.4,532,8
2026-06-03,Brand Awareness,Social Media,LinkedIn,90400,5615,4088.06,941,227725.09709176252,40.18,88,2
2026-06-03,Retargeting,Display Ads,Instagram,45864,5085,889.05,198,66470.85836630492,28.13,467,5
2026-06-04,Spring Collection,Shopping Ads,LinkedIn,97258,8526,1833.86,2390,1040449.9258831837,27.92,126,5
2026-06-04,Summer Sale,Search Ads,Twitter,26851,1858,332.73,220,59570.35914286221,30.55,342,8
2026-06-09,Product Launch,Social Media,YouTube,78403,6993,1693.33,233,34369.594592510424,47.81,37,6
2026-06-10,Brand Awareness,Video Ads,Twitter,44056,2694,732.53,329,41577.55525467259,42.72,57,7
2026-06-10,Holiday Special,Mobile Ads,Facebook,45789,6459,3132.52,1188,59484.33025142913,48.12,106,6
2026-06-13,Product Launch,Social Media,Instagram,19990,353,3228.33,56,20899.597473528363,66.46,162,1
2026-06-14,Product Launch,Mobile Ads,Facebook,64918,6769,2699.0,1431,143091.0476363756,31.88,62,4
2026-06-14,Retargeting,Shopping Ads,Instagram,10569,1424,3343.56,37,5909.921009937408,67.56,266,5
2026-06-14,Summer Sale,Display Ads,Google Ads,17209,2108,1662.14,195,35888.64809112511,54.16,465,2
2026-06-15,Brand Awareness,Shopping Ads,Twitter,6744,241,1693.39,59,17828.085286631198,60.37,302,6
2026-06-15,Black Friday,Mobile Ads,YouTube,31750,1632,2360.3,54,12370.361838287192,39.72,382,3
2026-06-16,Black Friday,Social Media,LinkedIn,50437,5567,1504.19,1436,507774.3336453671,25.06,199,4
2026-06-16,Summer Sale,Search Ads,LinkedIn,6842,149,2233.7,5,375.1869834895811,45.31,368,5
2026-06-18,Holiday Special,Search Ads,LinkedIn,18087,2236,2808.69,563,59549.99486689574,79.97,508,3
2026-06-21,Spring Collection,Search Ads,YouTube,75619,8367,154.05,959,263384.72434978123,50.52,125,7
2026-06-21,Product Launch,Shopping Ads,Twitter,51876,5817,4477.3,1090,219781.22843887002,28.3,115,6
2026-06-24,Brand Awareness,Shopping Ads,Twitter,59161,1421,3091.28,77,14099.933019334614,30.33,393,2
2026-06-25,Brand Awareness,Desktop Ads,Instagram,76749,8479,3996.19,247,19800.17098502065,44.2,287,3
2026-06-26,Summer Sale,Shopping Ads,YouTube,69487,7308,4877.14,530,240129.02317739834,57.75,53,4
2026-06-26,Black Friday,Social Media,Instagram,49695,6277,2142.15,295,106588.91730810048,52.26,424,4
2026-06-27,Retargeting,Desktop Ads,Instagram,88893,1406,758.65,141,14766.672050206753,40.59,336,7
2026-06-30,Spring Collection,Email Campaign,Instagram,38713,512,3394.33,81,6420.925159518775,71.53,584,1
2026-07-01,Black Friday,Shopping Ads,YouTube,65110,4051,2864.33,732,357723.01251225144,37.86,305,2
2026-07-02,Holiday Special,Display Ads,Google Ads,21538,664,3299.11,158,56331.368336248794,45.86,198,2
2026-07-03,Black Friday,Mobile Ads,Facebook,83594,7370,1689.18,1476,351074.3224204631,75.02,439,8
2026-07-04,Product Launch,Social Media,LinkedIn,51098,7073,2259.89,1319,482462.4592405961,75.96,226,8
2026-07-08,Holiday Special,Video Ads,LinkedIn,77396,5015,4423.65,649,253336.69824153045,62.35,385,6
2026-07-08,Product Launch,Display Ads,LinkedIn,54161,6948,2944.95,1024,410606.5828607495,75.79,124,9
2026-07-09,Brand Awareness,Mobile Ads,Twitter,49933,501,1647.5,65,17227.911190351937,68.41,77,8
2026-07-09,Brand Awareness,Email Campaign,LinkedIn,37777,1269,2453.95,322,78390.01165229047,65.22,118,7
2026-07-10,Summer Sale,Shopping Ads,Google Ads,88592,1263,1274.63,96,5276.413240416495,37.55,67,3
2026-07-10,Retargeting,Search Ads,Twitter,97136,5433,4331.56,63,29417.894214271106,50.21,110,1
2026-07-11,Spring Collection,Desktop Ads,Facebook,9199,1261,1600.67,250,80372.1363187561,26.07,475,9
2026-07-13,Spring Collection,Display Ads,LinkedIn,94783,2234,3837.71,153,21637.148575529307,54.17,237,6
2026-07-16,Brand Awareness,Email Campaign,Google Ads,39635,3761,2756.15,1008,467532.1110495637,59.87,359,4
2026-07-17,Product Launch,Search Ads,Twitter,42862,3137,675.04,812,374916.11690686626,23.87,99,1
2026-07-17,Brand Awareness,Shopping Ads,Instagram,69803,9869,1276.97,318,157452.25392078832,34.99,410,5
2026-07-17,Holiday Special,Search Ads,Instagram,45760,1242,3940.33,50,22166.272670627022,28.82,572,10
2026-07-17,Brand Awareness,Desktop Ads,Instagram,22625,897,3963.92,137,68363.407509107,69.23,383,2
2026-07-17,Brand Awareness,Social Media,Instagram,89896,1270,4611.49,237,37945.78196334702,52.45,282,1
2026-07-18,Back to School,Social Media,Google Ads,12190,862,4716.16,77,33033.94812715346,77.61,413,7
2026-07-20,Spring Collection,Social Media,LinkedIn,33762,1650,2305.31,359,150910.22328595576,43.18,411,3
2026-07-20,Holiday Special,Desktop Ads,Twitter,65047,8572,1424.71,1564,240735.8248195524,42.57,469,5
2026-07-22,Holiday Special,Social Media,Google Ads,28076,2658,1954.43,276,26025.943585923054,55.06,104,2
2026-07-23,Black Friday,Display Ads,Facebook,31431,3016,3711.43,52,25518.44002005583,43.29,499,3
2026-07-23,Black Friday,Display Ads,Google Ads,81360,6872,2497.88,1563,286358.8683120213,48.3,505,5
2026-07-24,Back to School,Desktop Ads,LinkedIn,40332,921,3503.7,66,29165.486176893843,41.37,297,9
2026-07-24,Summer Sale,Mobile Ads,Twitter,20810,1504,380.13,379,19653.886229753694,41.8,257,1
2026-07-31,Black Friday,Mobile Ads,LinkedIn,25000,3748,3957.99,494,29373.814644917573,73.25,212,6
2026-07-31,Brand Awareness,Email Campaign,Twitter,37304,4735,3793.85,839,217839.7125983139,51.1,595,2
2026-07-31,Summer Sale,Shopping Ads,Facebook,99234,13404,2556.34,3527,555226.0106075362,60.96,94,7
2026-08-03,Brand Awareness,Display Ads,Instagram,45014,5638,1012.52,1468,529109.1518377981,46.78,574,3
2026-08-03,Back to School,Display Ads,Twitter,12308,300,681.47,35,10657.638127695282,47.14,572,1
2026-08-05,Holiday Special,Email Campaign,Facebook,77240,3231,606.2,228,19350.04281842042,36.37,440,8
2026-08-08,Back to School,Search Ads,Instagram,60766,634,4543.29,148,18231.044534626755,71.3,263,7
2026-08-09,Summer Sale,Mobile Ads,Facebook,65200,3422,2197.16,464,104224.6875881969,63.79,190,8
2026-08-10,Product Launch,Search Ads,LinkedIn,82554,2080,3288.09,136,18158.96871407251,41.4,311,5
2026-08-10,Holiday Special,Email Campaign,Facebook,18297,1394,703.23,379,154063.52132245203,66.15,48,8
2026-08-10,Back to School,Mobile Ads,Facebook,16449,1723,171.86,116,27518.86629588122,26.78,557,9
2026-08-11,Product Launch,Display Ads,Facebook,53870,7134,3395.02,124,11413.49816981146,44.41,308,2
2026-08-12,Spring Collection,Search Ads,LinkedIn,16434,1888,1435.47,29,7770.674874651229,23.6,183,3
2026-08-12,Retargeting,Shopping Ads,Twitter,1138,160,2641.82,30,2726.3154443290914,72.47,287,5
2026-08-13,Product Launch,Desktop Ads,Facebook,78175,1371,3284.25,276,29814.013333141294,24.6,276,5
2026-08-13,Spring Collection,Video Ads,Twitter,66677,780,2404.65,78,12310.305104190007,77.7,93,8
2026-08-14,Summer Sale,Search Ads,LinkedIn,4236,434,630.54,44,19218.648563900297,23.93,518,3
2026-08-14,Holiday Special,Video Ads,Twitter,24478,1236,3108.76,134,62454.135699678205,62.65,234,8
2026-08-15,Brand Awareness,Email Campaign,Twitter,62035,2821,3879.18,584,246340.53126846775,59.0,478,5
2026-08-15,Black Friday,Mobile Ads,Facebook,94814,5340,4347.44,143,28647.86894083847,51.76,347,2
2026-08-15,Holiday Special,Shopping Ads,LinkedIn,16282,777,2355.13,217,37454.394974277406,79.56,462,10
2026-08-15,Holiday Special,Mobile Ads,Facebook,22778,1858,4579.08,138,41002.568398073854,37.63,85,6
2026-08-15,Black Friday,Shopping Ads,YouTube,82348,5897,2248.37,1768,662706.3745201442,49.54,336,4
2026-08-15,Black Friday,Search Ads,Google Ads,55306,4520,866.18,270,134194.79376146125,36.1,109,2
2026-08-16,Holiday Special,Email Campaign,Instagram,37191,3874,2021.49,905,98832.1724126927,52.92,371,5
2026-08-16,Black Friday,Mobile Ads,Twitter,50847,3264,2345.88,244,17612.261492813726,28.88,193,5
2026-08-17,Retargeting,Social Media,YouTube,45695,2064,1921.6,69,25009.750353303163,42.95,118,5
2026-08-18,Retargeting,Social Media,YouTube,41583,1383,4324.16,364,154518.58333793972,64.12,88,10
2026-08-19,Holiday Special,Email Campaign,YouTube,70338,4144,1662.83,1073,462309.50835850247,77.77,38,4
2026-08-20,Back to School,Desktop Ads,Instagram,1159,131,4929.74,16,5684.937553355557,71.27,296,1
2026-08-20,Holiday Special,Shopping Ads,LinkedIn,67677,7846,1107.81,1676,803318.7194666909,59.73,522,5
2026-08-25,Black Friday,Search Ads,Instagram,64064,6622,2585.46,1135,317745.6829803978,33.47,95,3
2026-08-25,Summer Sale,Shopping Ads,Twitter,72849,3115,4881.36,801,369434.54406028776,56.58,524,7
2026-08-27,Spring Collection,Display Ads,LinkedIn,67914,6270,4338.15,635,308302.31814532774,30.05,168,4
2026-08-28,Black Friday,Social Media,YouTube,77221,6941,1086.81,1123,484261.0208965205,65.45,456,3
2026-08-29,Holiday Special,Search Ads,Twitter,23313,1813,2426.23,273,51703.83949632155,44.62,85,6
2026-08-29,Product Launch,Desktop Ads,LinkedIn,39870,3468,4661.9,390,53935.84678038682,35.91,432,5
2026-08-30,Brand Awareness,Search Ads,Instagram,80190,6323,2712.03,1697,503421.8876233657,36.62,354,1
2026-08-30,Brand Awareness,Display Ads,Twitter,17241,1537,1614.58,89,22593.240752726546,57.44,545,2
2026-08-31,Retargeting,Social Media,Instagram,85227,9389,720.01,500,222495.62699336492,70.09,204,7
2026-09-01,Holiday Special,Social Media,Google Ads,98938,2507,1599.6,444,42186.327879217315,59.5,277,2
2026-09-02,Brand Awareness,Display Ads,YouTube,19351,2224,3780.98,446,74028.43030522179,64.68,462,2
2026-09-04,Product Launch,Display Ads,LinkedIn,97035,2816,2788.79,187,72613.88118124932,61.4,58,10
2026-09-07,Spring Collection,Mobile Ads,Facebook,61011,1179,1845.63,145,13447.878584769616,29.3,442,8
2026-09-08,Spring Collection,Search Ads,Google Ads,37788,5541,2239.15,1576,306286.12242418976,56.47,502,3
2026-09-09,Product Launch,Email Campaign,Google Ads,57115,8223,4207.11,670,150227.3513072759,62.53,176,7
2026-09-12,Product Launch,Search Ads,Twitter,7142,131,4518.39,26,8584.347419783473,23.79,194,9
2026-09-13,Brand Awareness,Email Campaign,Google Ads,29933,2156,3513.54,484,58641.290237677604,73.16,595,5
2026-09-14,Black Friday,Shopping Ads,YouTube,41379,1492,3769.69,208,90952.58029673282,21.75,511,7
2026-09-14,Black Friday,Video Ads,YouTube,97867,7628,4939.36,2150,540497.1128136204,22.96,397,5
2026-09-16,Product Launch,Email Campaign,YouTube,48498,6121,858.52,1368,632918.5658336706,32.74,349,8
2026-09-18,Holiday Special,Desktop Ads,LinkedIn,22281,3188,1425.33,455,118546.3648165475,77.73,546,10
2026-09-19,Spring Collection,Search Ads,Google Ads,8295,819,3849.12,143,24848.84066283619,55.86,317,3
2026-09-19,Retargeting,Email Campaign,Facebook,49651,2956,4039.6,623,70911.71212258966,48.45,456,4
2026-09-22,Holiday Special,Email Campaign,Facebook,67314,6358,1237.95,1155,59696.51297619028,79.96,502,2
2026-09-22,Product Launch,Shopping Ads,LinkedIn,3352,179,1791.43,47,13605.130807429274,53.58,68,6
2026-09-23,Back to School,Search Ads,LinkedIn,7031,965,3578.59,109,10706.035984265594,75.52,111,8
2026-09-23,Retargeting,Shopping Ads,Facebook,9244,1218,2014.89,118,26700.744248815565,48.97,189,6
2026-09-25,Product Launch,Social Media,Facebook,48377,4264,2626.22,307,96757.89381490352,43.23,474,4
2026-09-25,Back to School,Shopping Ads,Facebook,8190,454,352.47,9,1566.5278824559362,30.84,136,10
